variant,eps,exper,edges,nmi,evc_overlap,evc_MAE,deg_kl,diam_rel,cc_rel,mod_rel
none,0.5,0,18847,0.2803921852138121,0.36363636363636365,0.011230186342551145,2.84833471810616,0.3636363636363636,0.720221846162277,0.04621617640492611
stage1,0.5,0,18847,0.28039218521381204,0.36363636363636365,0.011226769712893383,2.8659293715355485,0.3636363636363636,0.7200222504522235,0.04621617640492627
stage2,0.5,0,17533,0.32013336459554914,0.36363636363636365,0.015614416331009066,3.16133373411892,0.3636363636363636,0.9543286553327782,0.11590917042639724
both,0.5,0,17533,0.3212896093718871,0.36363636363636365,0.015562970673174213,3.054904995039657,0.3636363636363636,0.9538730348141234,0.11629606918615894
none,0.5,1,15036,0.2613435485418785,0.09090909090909091,0.015972954452390917,3.0974155436084865,0.1818181818181818,0.7346635087735067,0.039823016604253095
stage1,0.5,1,15036,0.2613435485418785,0.09090909090909091,0.015972954452390917,3.0974155436084865,0.1818181818181818,0.7346635087735067,0.039823016604253095
stage2,0.5,1,13678,0.3098890762653019,0.13636363636363635,0.001398873438664705,3.7204979645083536,0.3636363636363636,1.034132030828592,0.1245466463550555
both,0.5,1,13678,0.31264339120906703,0.13636363636363635,0.0018730499983092197,4.04081329147629,0.1818181818181818,1.0367954377879471,0.12549373546967765
none,0.5,2,16364,0.276569709893627,0.09090909090909091,0.005318258834846342,3.126622845327877,0.3636363636363636,0.7107630541591439,0.04507862294486824
stage1,0.5,2,16364,0.27656970989362706,0.09090909090909091,0.005317269762259285,3.124610597484585,0.3636363636363636,0.7106994232431403,0.04507862294486808
stage2,0.5,2,15032,0.3237919150470003,0.09090909090909091,0.019888041390169656,3.671993373714206,0.3636363636363636,0.9836924403458303,0.12429698718356239
both,0.5,2,15032,0.32183124123259876,0.09090909090909091,0.02013441545264336,3.574615441030719,0.3636363636363636,0.9852410725747817,0.12582340890813612
none,0.5,3,14579,0.2651698516118557,0.18181818181818182,0.0035848592356165364,3.1463749069435303,0.2727272727272727,0.7287991344538759,0.03928971049501777
stage1,0.5,3,14579,0.26516985161185574,0.18181818181818182,0.0035848592356165364,3.1463749069435303,0.2727272727272727,0.7287991344538759,0.03928971049501777
stage2,0.5,3,13217,0.3171001788370953,0.22727272727272727,0.015545004962063803,3.6605069621715107,0.1818181818181818,1.0371628379150184,0.12400546516133248
both,0.5,3,13217,0.31312147806788243,0.22727272727272727,0.01423415507947251,3.5892683370308625,0.2727272727272727,1.0382187494131714,0.12437105112301247
none,0.5,4,15090,0.26718937123868114,0.09090909090909091,0.01551450473141702,3.09423625062957,0.3636363636363636,0.7347839979573821,0.04458955830089169
stage1,0.5,4,15090,0.26718937123868114,0.09090909090909091,0.015513977934999479,3.094638973726571,0.3636363636363636,0.7346693874326657,0.04458955830089169
stage2,0.5,4,13736,0.31862695549519743,0.09090909090909091,0.02119824682877107,3.682860955166109,0.3636363636363636,1.0305861525860074,0.12597799755920386
both,0.5,4,13736,0.31992957480660567,0.09090909090909091,0.02119486951564214,3.7279263284700006,0.3636363636363636,1.0338561395028545,0.12717456415395123
none,0.5,5,21307,0.2775925397415897,0.13636363636363635,0.024797703957948204,2.3794441642343305,0.2727272727272727,0.6391699237065435,0.04470178053661114
stage1,0.5,5,21307,0.2775925397415896,0.13636363636363635,0.02474277928589154,2.4455797358122657,0.2727272727272727,0.6396538564934582,0.04476575374910668
stage2,0.5,5,20009,0.31470278377088867,0.09090909090909091,0.01716327277412424,2.560003998228253,0.4545454545454545,0.8342038513165974,0.10774002627872789
both,0.5,5,20009,0.31079498128032834,0.09090909090909091,0.01615050371893151,2.579807492355395,0.3636363636363636,0.8370289322522888,0.10875380112684144
none,0.5,6,15255,0.2642381737773654,0.09090909090909091,0.018355578205014832,3.133687355859268,0.2727272727272727,0.6158580478454225,0.020217720486789943
stage1,0.5,6,15255,0.2641948235106837,0.09090909090909091,0.01836328729326012,3.1300414417412763,0.2727272727272727,0.6158804539151028,0.02014324760399749
stage2,0.5,6,13905,0.3173067806066691,0.09090909090909091,0.020009209646764305,3.471080819359028,0.3636363636363636,0.8614017101228756,0.050147936835592474
both,0.5,6,13905,0.3125862574015274,0.09090909090909091,0.019991184706272282,3.209796204571264,0.3636363636363636,0.8634651614485112,0.05335919558146719
none,0.5,7,16703,0.2599729024810286,0.18181818181818182,0.010714938240001658,3.597465219195854,0.3636363636363636,0.7022798693483774,0.025325142346657406
stage1,0.5,7,16703,0.26019689766525844,0.18181818181818182,0.010712491292117486,3.5929261167485698,0.3636363636363636,0.7022467880813424,0.025271594885227174
stage2,0.5,7,15379,0.312123140765983,0.18181818181818182,0.018566133683734314,3.7910037428669114,0.2727272727272727,0.942879831186141,0.0968482548671543
both,0.5,7,15379,0.3125496101237504,0.18181818181818182,0.01853652919943322,3.174109271663837,0.2727272727272727,0.9441761125306363,0.09688778080410135
none,0.5,8,21517,0.2710900410186799,0.22727272727272727,0.0044752953363216,2.1532205877635757,0.2727272727272727,0.6120551534418718,0.013864289588269156
stage1,0.5,8,21517,0.2713754671918137,0.22727272727272727,0.004475786022165252,2.113667557948123,0.2727272727272727,0.6121296220418909,0.013864289588269156
stage2,0.5,8,20235,0.30700639794343787,0.22727272727272727,0.006937484667984804,2.5812976605345024,0.3636363636363636,0.7899561056052326,0.07306649573574778
both,0.5,8,20235,0.3054530119759247,0.22727272727272727,0.006978335775725366,2.434499885427296,0.1818181818181818,0.7930075079798461,0.07323459528798534
none,0.5,9,18500,0.28013712740603774,0.18181818181818182,0.011408766443713596,2.5447671966376784,0.3636363636363636,0.6392307565619887,0.02705640446080331
stage1,0.5,9,18500,0.28013712740603774,0.18181818181818182,0.01143479689216797,2.5937641807713536,0.3636363636363636,0.6392399182290693,0.02705640446080331
stage2,0.5,9,17169,0.3199005624185356,0.18181818181818182,0.014854605542048031,2.6515550087978976,0.3636363636363636,0.863029414386087,0.09812071249584207
both,0.5,9,17169,0.31819074828315425,0.18181818181818182,0.014888760616282016,2.688408163519015,0.3636363636363636,0.8630146232316276,0.09989468828045858
none,1.0,0,23999,0.26479316479409565,0.6818181818181818,0.004100391906941701,1.927539788149356,0.2727272727272727,0.5098549474826443,0.07498569083289004
stage1,1.0,0,23999,0.2650243366236116,0.6818181818181818,0.004075258860212749,1.901643831025083,0.2727272727272727,0.5096891877964888,0.07495909474232065
stage2,1.0,0,22855,0.30591428492390504,0.6818181818181818,0.0039096778851783745,2.043102041173569,0.3636363636363636,0.6266660783721699,0.033993878861602475
both,1.0,0,22855,0.29985403371333086,0.6818181818181818,0.0038911034470061434,1.9945891361447947,0.3636363636363636,0.6259237889185111,0.03422083159241805
none,1.0,1,25136,0.2664588579043275,0.0,0.0020894015158190505,1.4381689969580314,0.3636363636363636,0.4882173443640808,0.026905271957502537
stage1,1.0,1,25136,0.26649583965367607,0.0,0.0021234463393895882,1.439606439589744,0.3636363636363636,0.48837498928560613,0.026905271957502377
stage2,1.0,1,24018,0.297929869830413,0.0,0.0019117760743938466,1.6639659092683217,0.3636363636363636,0.6123462425081708,0.0741631837361564
both,1.0,1,24018,0.2989688420814856,0.0,0.0019031052781197282,1.5403739069881706,0.3636363636363636,0.611892329072949,0.073703704833928
none,1.0,2,28000,0.2868003192494074,0.7727272727272727,0.007168354952168635,1.2962328564282972,0.3636363636363636,0.3448173370851676,0.1252315174794085
stage1,1.0,2,28000,0.28698738340611624,0.7727272727272727,0.007124646734965611,1.2858473328901976,0.3636363636363636,0.34422901674582157,0.1252315174794085
stage2,1.0,2,27232,0.3100834224245955,0.7727272727272727,0.0069155248698545,1.389701440962044,0.4545454545454545,0.408383575028501,0.0972380597405178
both,1.0,2,27232,0.3078256009395566,0.7272727272727273,0.006912385094841062,1.3795352507845713,0.3636363636363636,0.4090075005715681,0.09651988476192332
none,1.0,3,27319,0.29350952854259954,0.7272727272727273,0.007120605565745264,1.4496365191007885,0.3636363636363636,0.47070527766599723,0.08386396681139838
stage1,1.0,3,27319,0.2947530443294925,0.7272727272727273,0.00708592147495695,1.5161458644784227,0.3636363636363636,0.4711079862176114,0.08386396681139838
stage2,1.0,3,26531,0.3160505019784831,0.7272727272727273,0.006905259720130167,1.5751757580679489,0.4545454545454545,0.5435227204160931,0.05574275970379832
both,1.0,3,26531,0.3191591709317661,0.7272727272727273,0.006843523121918362,1.639623666398323,0.3636363636363636,0.5431459944810273,0.05533451262687678
none,1.0,4,23993,0.2815922673609173,0.45454545454545453,0.002670870330248372,1.5705582607475148,0.3636363636363636,0.5611036816104634,0.050482008568867004
stage1,1.0,4,23993,0.2821715580392049,0.45454545454545453,0.00261336796389309,1.560039623760425,0.3636363636363636,0.5616629596868655,0.050482008568867004
stage2,1.0,4,22925,0.30964925599502874,0.5454545454545454,0.004120691274852996,1.8231681574449654,0.3636363636363636,0.6957777760299227,0.09853732844915264
both,1.0,4,22925,0.3089917723997972,0.5,0.004190052144594659,1.7238809761866913,0.2727272727272727,0.6988917192611661,0.09856851436599129
none,1.0,5,23586,0.27351580926340696,0.22727272727272727,0.01828113175168689,1.9857304509253444,0.1818181818181818,0.443811020034099,0.0010929190228287377
stage1,1.0,5,23586,0.27401681693592383,0.22727272727272727,0.01812272111706493,1.8170067522908622,0.1818181818181818,0.4434075873559147,0.0011580364415323006
stage2,1.0,5,22433,0.30769428732447995,0.13636363636363635,0.01911823216325897,1.908920832418619,0.3636363636363636,0.5733065955091148,0.05174155903502043
both,1.0,5,22433,0.31124974473901523,0.13636363636363635,0.018922787750856082,1.8366580065525113,0.3636363636363636,0.5751194046466696,0.05087263672235524
none,1.0,6,26262,0.2706228134021666,0.6363636363636364,0.008447148236797436,1.982569283010385,0.3636363636363636,0.45155145074089215,0.1128128313265113
stage1,1.0,6,26262,0.2706605853764176,0.6363636363636364,0.008426709880087653,2.081287085273304,0.3636363636363636,0.4513322789382841,0.1127522614500319
stage2,1.0,6,25277,0.305714841286333,0.6363636363636364,0.008347266588291704,2.017114223092356,0.3636363636363636,0.5367564994166385,0.08304177519416925
both,1.0,6,25277,0.3022800012711911,0.6363636363636364,0.008266632102742805,2.158045983465682,0.3636363636363636,0.5386548330908966,0.08286372136250177
none,1.0,7,27106,0.28364385670049125,0.7272727272727273,0.006307039789492258,1.7166353585860445,0.3636363636363636,0.2893774111495571,0.1255761789339934
stage1,1.0,7,27106,0.28364385670049125,0.7272727272727273,0.006268227644746472,1.7063310421883062,0.3636363636363636,0.28813585180387546,0.12557617893399292
stage2,1.0,7,26212,0.3109790621067035,0.7272727272727273,0.006145603869693647,1.857042768772139,0.3636363636363636,0.36077871094280967,0.09509794194714799
both,1.0,7,26212,0.3092949656547348,0.7272727272727273,0.006137324718699308,1.816106329450943,0.3636363636363636,0.3615867441775628,0.09431857783247452
none,1.0,8,25480,0.2898018613359567,0.7727272727272727,0.004895083957461691,1.3663549172151437,0.3636363636363636,0.5498319831391217,0.012930488343262703
stage1,1.0,8,25480,0.28986450380783474,0.7727272727272727,0.004935040527341083,1.4873994699009523,0.3636363636363636,0.5499231145193052,0.012857655038090145
stage2,1.0,8,24535,0.31079205836960894,0.7272727272727273,0.003079549022292985,1.607162144672075,0.4545454545454545,0.6562846886401934,0.027458597083875724
both,1.0,8,24535,0.30981444912411654,0.7272727272727273,0.003078633188231079,1.6587451735650243,0.3636363636363636,0.6562227569563183,0.02778312886741455
none,1.0,9,22867,0.2733083488033135,0.7272727272727273,0.007536090183312642,1.6639826362115862,0.2727272727272727,0.714238788793879,0.008241285149204781
stage1,1.0,9,22867,0.27332161897796187,0.7272727272727273,0.0075470701861816555,1.7263965577272984,0.2727272727272727,0.71443627485157,0.008241285149204941
stage2,1.0,9,21808,0.31041320734330047,0.7272727272727273,0.007410134970810381,2.0486052721561463,0.3636363636363636,0.8488263637103562,0.03220686482344168
both,1.0,9,21808,0.3091381389224426,0.7272727272727273,0.007423107067538116,1.6749821831800147,0.3636363636363636,0.8482323439881109,0.03298609690388637
none,1.5,0,27514,0.3208956348424751,0.8636363636363636,0.009817210644617646,1.5987454627976683,0.3636363636363636,0.16070666860341448,0.22267735209544295
stage1,1.5,0,27514,0.32153691961579955,0.8636363636363636,0.009736420921508825,1.4818865265942833,0.3636363636363636,0.15996513354021438,0.22267735209544326
stage2,1.5,0,26887,0.3399808111972141,0.8636363636363636,0.009786167459782235,1.6875820127682724,0.3636363636363636,0.20010224792254472,0.2073793206493675
both,1.5,0,26887,0.3400052420344421,0.8636363636363636,0.009687388768963662,1.7629372204302554,0.3636363636363636,0.19872246006727473,0.2075994101555739
none,1.5,1,27531,0.3147466077199084,0.8181818181818182,0.0034121718549010526,1.2050512525076447,0.4545454545454545,0.28971969865369473,0.07209374094722712
stage1,1.5,1,27531,0.3158844361805607,0.8181818181818182,0.003333197912448051,1.3002815019779892,0.4545454545454545,0.28663171320991,0.07205169207515763
stage2,1.5,1,26958,0.3301400351370953,0.8181818181818182,0.0032280778737447547,1.370560541830443,0.4545454545454545,0.33815559655947297,0.049026522446735686
both,1.5,1,26958,0.33165975708278544,0.8181818181818182,0.0031649251242767936,1.3012355181030373,0.4545454545454545,0.3339484136801325,0.04927600970521379
none,1.5,2,27433,0.3294343839132833,0.8181818181818182,0.004876743559452472,1.304871714844445,0.3636363636363636,0.40871566771477225,0.027540179345245983
stage1,1.5,2,27433,0.33022324583756,0.8181818181818182,0.004887453433844284,1.3011275334080121,0.3636363636363636,0.4060461190525042,0.027540179345245983
stage2,1.5,2,26789,0.3433009009986228,0.8181818181818182,0.00474043243403811,1.4463334185475962,0.3636363636363636,0.46776490007911864,0.0019256710497584347
both,1.5,2,26789,0.3421246060884561,0.8181818181818182,0.004737510289935257,1.5915470970352548,0.3636363636363636,0.46468300427777653,0.0023428162802061983
none,1.5,3,28174,0.31204437350172337,0.8181818181818182,0.0037548577659206103,1.3189097864772101,0.3636363636363636,0.2816303657192912,0.05260930811856574
stage1,1.5,3,28174,0.3135897263527334,0.8636363636363636,0.0037247471298194608,1.3297060300838623,0.3636363636363636,0.2787617290750689,0.05261831036236665
stage2,1.5,3,27571,0.32208750893912785,0.8181818181818182,0.0035446202994575114,1.1837363812947916,0.4545454545454545,0.33265531078462596,0.02779238605907643
both,1.5,3,27571,0.32285510123427896,0.8181818181818182,0.003510693723931958,1.2441639687741395,0.4545454545454545,0.3307930897967497,0.027377556635169584
none,1.5,4,27960,0.3292845920431197,0.8636363636363636,0.0011456171687174684,1.396264725057816,0.4545454545454545,0.2283425358078154,0.06824858888272013
stage1,1.5,4,27960,0.3298283347442171,0.8636363636363636,0.0010662528694432211,1.3983450033810307,0.4545454545454545,0.2230595267155228,0.06819855297742984
stage2,1.5,4,27381,0.3361476110571179,0.8636363636363636,0.0011569274869965777,1.3219485344712356,0.4545454545454545,0.2756327921549225,0.04287606644745445
both,1.5,4,27381,0.34150764936565964,0.8636363636363636,0.0011860160226127734,1.3039170619625247,0.4545454545454545,0.2707865155322573,0.042893862241372975
none,1.5,5,25942,0.322259003592893,0.8636363636363636,0.003885885787964852,1.5290979944029828,0.3636363636363636,0.41801852716416676,0.06706251057228826
stage1,1.5,5,25942,0.32255615220316325,0.8636363636363636,0.0038640860594956594,1.495113420883694,0.3636363636363636,0.41468365107063504,0.0670625105722881
stage2,1.5,5,25326,0.34310189312804984,0.8636363636363636,0.003776382813276727,1.3685031117823672,0.2727272727272727,0.47506388076902767,0.04482707468723772
both,1.5,5,25326,0.34938190255859475,0.8636363636363636,0.003740139491944917,1.5279414537714373,0.3636363636363636,0.4729563981579071,0.04529455372769771
none,1.5,6,27920,0.35739945906724996,0.8181818181818182,0.0032399006730913973,1.3402579000116446,0.4545454545454545,0.21575985045471785,0.10592909813657744
stage1,1.5,6,27920,0.3595892671351839,0.8181818181818182,0.0032047316281550065,1.4464809224456014,0.4545454545454545,0.20794313969856945,0.10586645322509158
stage2,1.5,6,27518,0.3597613406731092,0.8181818181818182,0.0031069367901276897,1.1811130774409502,0.4545454545454545,0.25006856443398634,0.08667916702251607
both,1.5,6,27518,0.36125272380785234,0.8181818181818182,0.0030741640271296235,1.116271591856595,0.4545454545454545,0.2402099137605914,0.08655545779759226
none,1.5,7,28899,0.3043767023519492,0.8181818181818182,0.008036998704662653,1.363411872994239,0.2727272727272727,0.19998336879296838,0.1309346554296422
stage1,1.5,7,28899,0.3068090941218708,0.8181818181818182,0.007926895358274056,1.3858609227554162,0.2727272727272727,0.2011536334210564,0.13092724921697943
stage2,1.5,7,28201,0.3155114947884209,0.8181818181818182,0.007977116149687595,1.3412262205934251,0.4545454545454545,0.2469115039132788,0.10908919530544949
both,1.5,7,28201,0.32370218778385185,0.8636363636363636,0.007905327105816094,1.468458648320638,0.4545454545454545,0.2478900361697116,0.11060792938420523
none,1.5,8,27460,0.28621324573314155,0.8181818181818182,0.006336689911840238,1.343962184394916,0.3636363636363636,0.35227522745366546,0.13486812214037475
stage1,1.5,8,27460,0.2865896961145007,0.8181818181818182,0.006273709441297037,1.3105550508822796,0.3636363636363636,0.35087801848186384,0.13486812214037475
stage2,1.5,8,26765,0.3110513108982226,0.8181818181818182,0.006039405940286721,1.6702223776375162,0.3636363636363636,0.4082125716160047,0.11307526434963158
both,1.5,8,26765,0.3092431522692417,0.8181818181818182,0.005991729477559346,1.6832701696713284,0.3636363636363636,0.4088916444961643,0.11254562248174796
none,1.5,9,26947,0.3224433785765777,0.8636363636363636,0.003847053766360825,1.1994398014491936,0.4545454545454545,0.2956521332459259,0.07620187614866043
stage1,1.5,9,26947,0.3227091949474177,0.8636363636363636,0.003812914944660381,1.0802366988885783,0.4545454545454545,0.29242837730794885,0.07620014164722468
stage2,1.5,9,26377,0.33443231263039214,0.8636363636363636,0.0036995750698252477,1.360972459070369,0.4545454545454545,0.3466177830958499,0.052890100321803794
both,1.5,9,26377,0.33591960028921525,0.8636363636363636,0.003632377703482396,1.2640560983594664,0.4545454545454545,0.3421509891090538,0.05266141456386195
none,2.0,0,28310,0.36994809128252126,0.9545454545454546,0.002293112159652271,1.402422520271632,0.4545454545454545,0.3034007636590433,0.013462971228883042
stage1,2.0,0,28310,0.37115026492329634,0.9545454545454546,0.002246548108406833,1.4037464329167997,0.4545454545454545,0.2993911748213078,0.013480134001054996
stage2,2.0,0,27848,0.37426674937281573,0.9545454545454546,0.002191475279035934,1.1675354394278343,0.4545454545454545,0.34761959815626875,0.007091600333995995
both,2.0,0,27848,0.37716844278560224,0.9545454545454546,0.002132004206739009,1.1524717056137,0.4545454545454545,0.3392544556839404,0.007087401085377328
none,2.0,1,29586,0.3051741334529665,0.9545454545454546,0.0044129216593738535,1.1290853101492138,0.3636363636363636,0.09566958087039022,0.2758127035530137
stage1,2.0,1,29586,0.30540193056777254,0.9545454545454546,0.004486465015343065,1.1945902366336019,0.4545454545454545,0.09952768099931376,0.2758127035530137
stage2,2.0,1,29173,0.32242575038110693,0.9545454545454546,0.004387854547265953,1.247476961782981,0.3636363636363636,0.07644457581952294,0.26506734533451537
both,2.0,1,29173,0.3260721358497479,0.9545454545454546,0.004396512534289943,1.211664002003538,0.3636363636363636,0.07935695277893302,0.2651424124133154
none,2.0,2,28442,0.3287912999565108,0.8181818181818182,0.0035212603602319844,1.3286954573327454,0.4545454545454545,0.306478308210698,0.031527026648519266
stage1,2.0,2,28442,0.330225077320706,0.8181818181818182,0.003484175095491995,1.6601580042564945,0.4545454545454545,0.30286089189688165,0.031448406789504384
stage2,2.0,2,27900,0.3369946663196423,0.8181818181818182,0.0033484644424886466,1.079295637556346,0.4545454545454545,0.3551385262131567,0.00843696517089667
both,2.0,2,27900,0.33621160722550764,0.8181818181818182,0.0033190864464889584,1.3267181317831434,0.4545454545454545,0.35013632917157483,0.00824180206891136
none,2.0,3,28371,0.34018874330316573,0.9090909090909091,0.0023417233450606107,1.078757874864356,0.4545454545454545,0.15035544665905606,0.11260869257944076
stage1,2.0,3,28371,0.3413961809111747,0.9090909090909091,0.0022456561351142813,1.1542929902464987,0.4545454545454545,0.143018158459292,0.11260869257944076
stage2,2.0,3,27991,0.3408785027005505,0.8636363636363636,0.0021895448093576307,1.275358861954434,0.4545454545454545,0.18022405772876393,0.09485009204259937
both,2.0,3,27991,0.3446769095945609,0.9090909090909091,0.002134161322077051,1.3172930523160207,0.4545454545454545,0.1763940866704776,0.09490127696102515
none,2.0,4,28515,0.3382970672087956,0.9090909090909091,0.0020600650328535045,1.049993068714638,0.4545454545454545,0.17795135174938798,0.10685085901469607
stage1,2.0,4,28515,0.3398080086379635,0.9090909090909091,0.002017849414297443,1.063877915500247,0.4545454545454545,0.1609714674640408,0.10685085901469607
stage2,2.0,4,28168,0.34133861157062845,0.9090909090909091,0.0019497696840485882,1.1725311437591412,0.4545454545454545,0.2061591418184106,0.09062903219614303
both,2.0,4,28168,0.3436965108986469,0.9090909090909091,0.0019448741320998127,1.0662974448644635,0.4545454545454545,0.19071116613386507,0.09052507449724013
none,2.0,5,28249,0.34337075019432045,0.9545454545454546,0.002569057840018994,1.1431694708369804,0.4545454545454545,0.18507634613695892,0.11081537832566436
stage1,2.0,5,28249,0.34557516101825464,0.9545454545454546,0.0025667352087577204,1.0559626774834876,0.4545454545454545,0.17277626750923905,0.11081537832566436
stage2,2.0,5,27876,0.3445941118044615,0.9545454545454546,0.0024781919052267024,1.1176669239199222,0.4545454545454545,0.21606589670297066,0.09318424300294238
both,2.0,5,27876,0.3462279813332186,0.9545454545454546,0.0024798548762977757,1.1748771178472674,0.4545454545454545,0.20237080655515227,0.09315771688907494
none,2.0,6,29815,0.27125174493891785,0.8636363636363636,0.003481646052447651,1.0658286269324337,0.4545454545454545,0.0558469927936944,0.20182793949664712
stage1,2.0,6,29815,0.2715799147749414,0.8636363636363636,0.003565289125708929,1.0246663746365785,0.4545454545454545,0.05395316278714837,0.20179775042423487
stage2,2.0,6,29321,0.2789475494239198,0.8636363636363636,0.003212086243891139,1.2403972846704874,0.4545454545454545,0.08713944984275983,0.18305236409598377
both,2.0,6,29321,0.27893779509938765,0.8636363636363636,0.003316378364310382,1.2621380699616678,0.3636363636363636,0.08838375922186031,0.1828168208502666
none,2.0,7,27019,0.3312535943991996,0.8181818181818182,0.002575807362495714,1.3136281034678494,0.3636363636363636,0.3330265736341752,0.06828948507014787
stage1,2.0,7,27019,0.33368938383162644,0.8181818181818182,0.0026466477878496265,1.5675132284566091,0.3636363636363636,0.32767207096494144,0.06828948507014802
stage2,2.0,7,26494,0.34817791517584806,0.8181818181818182,0.002466071696656394,1.3557887188251567,0.3636363636363636,0.37683444055346677,0.04879575677255707
both,2.0,7,26494,0.35037917229121984,0.8181818181818182,0.0024860204421250504,1.4237706886328443,0.4545454545454545,0.37141939803420143,0.0488980034407208
none,2.0,8,28734,0.31730851540023597,0.8636363636363636,0.002368769098122959,1.2460251628351853,0.4545454545454545,0.0028091651842978575,0.25975883615884915
stage1,2.0,8,28734,0.31882609820471614,0.8636363636363636,0.002345931602302778,1.211574501922143,0.4545454545454545,0.009715509534927183,0.25974829631867036
stage2,2.0,8,28379,0.3282311476002736,0.8636363636363636,0.002249991239744322,1.3331877923626692,0.4545454545454545,0.024159999141285884,0.2467949775587881
both,2.0,8,28379,0.32800027196883585,0.8636363636363636,0.0022036501223380357,1.4037962216001334,0.4545454545454545,0.007610228236469819,0.24666846902427872
none,2.0,9,28306,0.341315579493617,0.8181818181818182,0.0023582838273032342,1.427800542043923,0.4545454545454545,0.1752389239729068,0.11050116875980927
stage1,2.0,9,28306,0.3420260068863335,0.8181818181818182,0.0023240195101127317,1.201179879483605,0.4545454545454545,0.1665228625031909,0.11045344502846598
stage2,2.0,9,27900,0.3428396740004179,0.8181818181818182,0.0022834727280349383,1.347513822408076,0.4545454545454545,0.2070363188038186,0.09142973950898675
both,2.0,9,27900,0.3436086011025689,0.8181818181818182,0.002269350616988361,1.2284846845038628,0.4545454545454545,0.19601810261797784,0.09149149162572934
none,2.5,0,28019,0.330276046911,0.8636363636363636,0.0029937000636874765,1.3633012177945014,0.4545454545454545,0.30747804379306454,0.046002532823891704
stage1,2.5,0,28019,0.33270822862082067,0.8636363636363636,0.002939052576886206,1.3759886912954817,0.4545454545454545,0.30271316701336215,0.046002532823891704
stage2,2.5,0,27529,0.33501258368006964,0.8636363636363636,0.002868719927138385,1.393411198170201,0.3636363636363636,0.3506005723337119,0.024653105377379768
both,2.5,0,27529,0.33715308874917066,0.8636363636363636,0.002780251031616769,1.4513953527174899,0.3636363636363636,0.34718032772975094,0.02500083350656528
none,2.5,1,27731,0.3344041489658111,0.9090909090909091,0.00187021153994609,1.5902419894624373,0.3636363636363636,0.30400680124368873,0.03459007202452772
stage1,2.5,1,27731,0.33542665848297554,0.9090909090909091,0.0018356723583654803,1.5905883658817883,0.3636363636363636,0.30428166471366785,0.034579405670622336
stage2,2.5,1,27182,0.3437084682760624,0.9090909090909091,0.0018214971111817414,1.3948117577099954,0.3636363636363636,0.3505440305900378,0.01478909628044936
both,2.5,1,27182,0.3466573750299229,0.9090909090909091,0.0017748182586448833,1.3202985932140667,0.4545454545454545,0.34936709746356387,0.014678323865150113
none,2.5,2,28627,0.34002907039027536,0.9090909090909091,0.002333730973352446,1.1364853679679623,0.3636363636363636,0.09077363260632848,0.12883456951428365
stage1,2.5,2,28627,0.3412401280232851,0.9090909090909091,0.00231763678362001,1.2238720890981818,0.3636363636363636,0.07995747264748417,0.1288026973915307
stage2,2.5,2,28297,0.34237216661011866,0.9090909090909091,0.0022609795492048706,1.3213863192471946,0.4545454545454545,0.11605791399856391,0.11352530467330005
both,2.5,2,28297,0.34374905215317336,0.9090909090909091,0.002267368696092019,1.213732642112161,0.3636363636363636,0.10316113658281435,0.113327039444321
none,2.5,3,28404,0.31716242369206704,0.9090909090909091,0.003004820778395385,1.2731731383615017,0.4545454545454545,0.20385321940592183,0.11418126471208144
stage1,2.5,3,28404,0.31921094862481014,0.9090909090909091,0.0030218578696532897,1.4285671109492397,0.4545454545454545,0.20296942968761705,0.11418126471208144
stage2,2.5,3,27902,0.3268089629524816,0.9090909090909091,0.002837651713643188,1.3894760567538273,0.4545454545454545,0.2414319440321143,0.09489630936317373
both,2.5,3,27902,0.3296127054824176,0.9090909090909091,0.0028938788575104623,1.2096219981191552,0.3636363636363636,0.2416526257003435,0.09457334956799851
none,2.5,4,28418,0.34154756098205247,0.9090909090909091,0.0016569616926129988,1.4743528962025316,0.4545454545454545,0.21869837430467656,0.07277468542680975
stage1,2.5,4,28418,0.3425177968666603,0.9090909090909091,0.0015518202799169197,1.3362600649932705,0.4545454545454545,0.21282066977198058,0.07272827715091464
stage2,2.5,4,27985,0.3506426672724465,0.9090909090909091,0.0015493663704837833,1.2561058081765575,0.3636363636363636,0.25471339072667887,0.05484702515782616
both,2.5,4,27985,0.3537961327011429,0.9090909090909091,0.0014306692960810814,1.1679786989040692,0.4545454545454545,0.24728471686767436,0.05476713564959395
none,2.5,5,28410,0.3613575812111562,0.9545454545454546,0.001173207352694411,1.257195701090807,0.4545454545454545,0.10813532725184823,0.11911538806042671
stage1,2.5,5,28410,0.3646050265400517,0.9545454545454546,0.0012390693990588836,1.31517268219699,0.4545454545454545,0.09681267283144372,0.11911417496197983
stage2,2.5,5,28110,0.36205644810255383,0.9545454545454546,0.001174177544427036,1.1478311801750105,0.4545454545454545,0.13133860961850966,0.1052305074849576
both,2.5,5,28110,0.3650213945128192,0.9545454545454546,0.0012428342924980164,1.126874902653801,0.4545454545454545,0.121281832987074,0.10519259302252615
none,2.5,6,28427,0.31372544442143496,0.9090909090909091,0.0015503195921076206,1.3870137987103461,0.4545454545454545,0.10128917270979199,0.12632492719358718
stage1,2.5,6,28427,0.31591904438617674,0.9090909090909091,0.0015090429355004752,1.1929403570184862,0.4545454545454545,0.09469214841277851,0.12632492719358718
stage2,2.5,6,27981,0.3175004143045073,0.9090909090909091,0.0014257059893390033,1.3328084925219335,0.4545454545454545,0.13437952325675248,0.10648271455175652
both,2.5,6,27981,0.32057627020034807,0.9090909090909091,0.0014671300928710584,1.3377134362806116,0.4545454545454545,0.1279459606376518,0.10673303747521487
none,2.5,7,28663,0.36076608426508955,0.8181818181818182,0.0023487711298922176,1.1349649674312499,0.4545454545454545,0.12352469281273325,0.12767466838542704
stage1,2.5,7,28663,0.36195587914659594,0.8181818181818182,0.0024911459284844353,1.1873451386796985,0.4545454545454545,0.11349879616415257,0.12767466838542704
stage2,2.5,7,28340,0.36099197475471145,0.8181818181818182,0.0023030446702298492,1.0355232044371054,0.3636363636363636,0.14651317241443979,0.11278862591640251
both,2.5,7,28340,0.36277591510285745,0.8181818181818182,0.0024040833251764843,1.2197385272779164,0.3636363636363636,0.13485953177158316,0.11292164550295362
none,2.5,8,28212,0.31186290343561207,0.8636363636363636,0.0029454418033599164,1.361549124625121,0.4545454545454545,0.18740765911469523,0.1426511677842782
stage1,2.5,8,28212,0.3129298948722221,0.8636363636363636,0.0028270954803633797,1.3694429677633901,0.3636363636363636,0.18417473795757974,0.14260308575855196
stage2,2.5,8,27736,0.3215310945439275,0.8636363636363636,0.0028231894066229725,1.3030662259217216,0.4545454545454545,0.22322417490507532,0.1241211744357981
both,2.5,8,27736,0.32831726398272354,0.8636363636363636,0.0027295819584757376,1.3913748750928234,0.4545454545454545,0.22019848681433532,0.12443467274681276
none,2.5,9,28488,0.3064104230950886,0.9090909090909091,0.0021068495742679215,1.2560850297685733,0.3636363636363636,0.17790665701401,0.09350230298871116
stage1,2.5,9,28488,0.30918854153297604,0.9090909090909091,0.0021239080184037003,1.291589216722219,0.4545454545454545,0.1784565819763887,0.09349115072025053
stage2,2.5,9,27948,0.32184838697676205,0.9090909090909091,0.002014366560055651,1.3749544575350292,0.3636363636363636,0.21542734887440354,0.07526513471248784
both,2.5,9,27948,0.3234139792002795,0.9090909090909091,0.002087203606516881,1.4913368957043587,0.3636363636363636,0.216060521018377,0.07500684541322489
none,3.0,0,29824,0.2968444894912303,0.8181818181818182,0.0034059870541479575,1.3150193793096747,0.3636363636363636,0.020993776484550246,0.19908451285325815
stage1,3.0,0,29824,0.2977122763873563,0.8181818181818182,0.0035505235168135528,1.2454006384283502,0.3636363636363636,0.0191603781309991,0.19908451285325832
stage2,3.0,0,29404,0.30627398006422396,0.8181818181818182,0.0032615359436842435,1.203598868756142,0.4545454545454545,0.04467957911932078,0.18480182885493734
both,3.0,0,29404,0.31019738697514376,0.8181818181818182,0.0032083590774089803,1.3031584972080708,0.4545454545454545,0.04205379595636358,0.18498879405764782
none,3.0,1,28639,0.353783529764884,0.8181818181818182,0.0024794066786671563,1.2137916939879512,0.4545454545454545,0.08921660553535166,0.12272426088475669
stage1,3.0,1,28639,0.35521684558617855,0.8181818181818182,0.002706934180066184,1.169561141516631,0.3636363636363636,0.07485492846504696,0.1227169930507272
stage2,3.0,1,28357,0.3539291348022116,0.8181818181818182,0.0024245343238006893,1.2911607270320098,0.4545454545454545,0.11089053873644458,0.1095133478960996
both,3.0,1,28357,0.3577689846162438,0.8181818181818182,0.0026327602179374095,1.11567597819968,0.4545454545454545,0.09721206194080916,0.10965436764057737
none,3.0,2,28632,0.3902302718603201,0.8181818181818182,0.001993231577597686,1.1685640561522261,0.4545454545454545,0.12333032181984817,0.10709523216490072
stage1,3.0,2,28632,0.39385862386662257,0.8181818181818182,0.0020187873561372666,1.177959426857082,0.4545454545454545,0.11032061800332704,0.10705540263636425
stage2,3.0,2,28367,0.3918368849493196,0.8181818181818182,0.0019822617817539263,1.0606161117990498,0.4545454545454545,0.14202959128783937,0.09486945847586188
both,3.0,2,28367,0.39679183786372346,0.8181818181818182,0.0019504650743939062,0.9924820758699275,0.4545454545454545,0.12723784921188094,0.09474817813097898
none,3.0,3,29491,0.31606916127917406,0.8636363636363636,0.0011339750389976603,1.148872151803153,0.4545454545454545,0.016266041152690282,0.1545338741891018
stage1,3.0,3,29491,0.3171573244553835,0.8636363636363636,0.00122681181236556,1.1304900956598969,0.4545454545454545,0.02074548183966991,0.15451369913988208
stage2,3.0,3,29169,0.3161510427261722,0.8636363636363636,0.001111625805077155,1.1863306303147962,0.3636363636363636,0.0035234229081420924,0.1408482340848166
both,3.0,3,29169,0.31810815932748504,0.8636363636363636,0.0013441601468818598,1.0403867814043464,0.4545454545454545,0.0006596025395345708,0.14081790802517916
none,3.0,4,28830,0.34175944589129503,0.8636363636363636,0.0016008976520759217,1.3523398094992556,0.3636363636363636,0.13781455838141315,0.07524318945997815
stage1,3.0,4,28830,0.3449933192714929,0.8636363636363636,0.0016241579950614794,1.4459785101076,0.3636363636363636,0.13311028837788508,0.07524318945997815
stage2,3.0,4,28455,0.35189884690271866,0.8636363636363636,0.0015576129065740614,1.4134905470924302,0.3636363636363636,0.1653026024907007,0.06058365303389073
both,3.0,4,28455,0.3527790042947149,0.8636363636363636,0.0017650859603575745,1.4820238036196405,0.3636363636363636,0.16070524546916612,0.06064574459740673
none,3.0,5,29425,0.3032011660192431,0.8181818181818182,0.0024048315291927717,1.1241819168704037,0.4545454545454545,0.08178586711599638,0.09916447498612836
stage1,3.0,5,29425,0.30654834309496276,0.8181818181818182,0.0024467805553615584,1.1068119173145665,0.4545454545454545,0.07416366806295456,0.09916447498612836
stage2,3.0,5,29051,0.3039142666951572,0.8181818181818182,0.0023589168102870514,1.2166280420458462,0.4545454545454545,0.10876198234388544,0.08247202449591302
both,3.0,5,29051,0.30783893322634914,0.8181818181818182,0.002398628879499082,1.0856179743670331,0.4545454545454545,0.1017170420070009,0.08235322862357508
none,3.0,6,28471,0.35574169685915463,0.9090909090909091,0.00243863023201339,1.1408496898188403,0.4545454545454545,0.1589679177136826,0.08627158761392241
stage1,3.0,6,28471,0.3580802603811053,0.9090909090909091,0.002366506586455094,0.9944138797041575,0.4545454545454545,0.1530679721557962,0.08622690130685759
stage2,3.0,6,28122,0.36351078519299995,0.9090909090909091,0.0023466933934740146,1.16769946160944,0.4545454545454545,0.1860140513314223,0.0716638688635959
both,3.0,6,28122,0.36611170351338923,0.9090909090909091,0.002277196356911032,1.2408914553844255,0.4545454545454545,0.17839229647305452,0.07148991421160523
none,3.0,7,28594,0.3693972901490999,0.8636363636363636,0.0010532778830005642,1.0388458415687545,0.4545454545454545,0.07612900103057313,0.11814593014280969
stage1,3.0,7,28594,0.372374980020559,0.8636363636363636,0.001102012740683673,0.9996882957332132,0.4545454545454545,0.06514954468130277,0.11811969512940132
stage2,3.0,7,28319,0.371777380411948,0.8636363636363636,0.0010350560728466752,0.9792188401347048,0.4545454545454545,0.09664161532441137,0.1057289364138306
both,3.0,7,28319,0.37240891461946135,0.8181818181818182,0.0009693433390743147,1.079876080160281,0.4545454545454545,0.08554872061049579,0.10564947883508638
none,3.0,8,29460,0.3333158290079007,0.9090909090909091,0.002048238602730685,1.13608194256903,0.4545454545454545,0.05435716500700059,0.09925927909328419
stage1,3.0,8,29460,0.3357922809969313,0.9090909090909091,0.002163490732004844,1.162286946655843,0.3636363636363636,0.05157566649694469,0.09925927909328419
stage2,3.0,8,29103,0.33432451619512144,0.9090909090909091,0.0020080223666232105,1.1569995649436682,0.4545454545454545,0.07932845301126695,0.0833234295316623
both,3.0,8,29103,0.3359658134157329,0.9090909090909091,0.0020341148034214605,1.3274131683703563,0.4545454545454545,0.07668562500637106,0.08340001926128322
none,3.0,9,29030,0.36314264009246466,0.8181818181818182,0.002233776551558722,1.1536392428565054,0.4545454545454545,0.07657735279926518,0.07810128938297457
stage1,3.0,9,29030,0.36668260412548687,0.8181818181818182,0.0021604275072659106,1.1673615683217822,0.4545454545454545,0.06801410968847045,0.07810128938297457
stage2,3.0,9,28710,0.36382706838373063,0.8181818181818182,0.002175684698411319,1.1232578215349305,0.4545454545454545,0.09981089390958688,0.06303871843066716
both,3.0,9,28710,0.367195943301204,0.8181818181818182,0.0021374898040731256,1.1892765764044786,0.4545454545454545,0.09120492439291739,0.06312661099548308
none,3.5,0,28618,0.35458099026551726,0.9545454545454546,0.001706131864124029,1.1065921902292621,0.3636363636363636,0.12873219746071074,0.08695404599115143
stage1,3.5,0,28618,0.3576119339337014,0.9545454545454546,0.0016313160509668293,1.0815262038583209,0.3636363636363636,0.11202588431213008,0.08683966761448902
stage2,3.5,0,28346,0.35912322181474354,0.9545454545454546,0.001651108691742883,1.0781661505931885,0.3636363636363636,0.14783741727299757,0.07546113370612798
both,3.5,0,28346,0.36317741603355047,0.9545454545454546,0.0016321401665198658,1.1975004842781893,0.3636363636363636,0.12749239744718524,0.07545853638961408
none,3.5,1,29791,0.35685033226035123,0.9090909090909091,0.004968765618189479,1.2084897038067894,0.4545454545454545,0.12718019866838565,0.2471964225370113
stage1,3.5,1,29791,0.35946875333725986,0.9090909090909091,0.005158559093826314,1.2432284099328705,0.4545454545454545,0.13495445993608607,0.2471964225370113
stage2,3.5,1,29539,0.36530562531818306,0.9090909090909091,0.004959786770134693,1.4293318899997565,0.3636363636363636,0.11706269203214177,0.24026700533322526
both,3.5,1,29539,0.3662236447564466,0.9090909090909091,0.005053607794819814,1.2736026573325256,0.3636363636363636,0.12423897169268909,0.24032023199599067
none,3.5,2,28995,0.37157744742563603,0.8636363636363636,0.0015713132664628142,1.1302369788175506,0.4545454545454545,0.0974931906375786,0.10462483152063944
stage1,3.5,2,28995,0.3747370746817448,0.8636363636363636,0.0015550255767362966,1.202743682268756,0.4545454545454545,0.07881512400969534,0.1045763834573897
stage2,3.5,2,28753,0.3719541098390449,0.8636363636363636,0.0015404176971048735,1.1289642735063596,0.4545454545454545,0.11549158576838073,0.09339520183794871
both,3.5,2,28753,0.37754641726948823,0.8636363636363636,0.001576547766068024,1.0137534923324294,0.4545454545454545,0.09932813564108385,0.09333471586774311
none,3.5,3,28975,0.35932936254772524,0.9545454545454546,0.0016274135463262248,1.2373978969295025,0.3636363636363636,0.041272471905927276,0.09540255500063836
stage1,3.5,3,28975,0.3630686974324932,0.9090909090909091,0.0016910520506813534,1.2172674264458456,0.4545454545454545,0.03529084670199381,0.09535819212118636
stage2,3.5,3,28703,0.3606490438461444,0.9545454545454546,0.0015748160051288927,1.2827516992513237,0.3636363636363636,0.06185734096678502,0.08273795359580766
both,3.5,3,28703,0.36377230636629077,0.9545454545454546,0.0016824894609815816,1.2410055238951014,0.3636363636363636,0.05561784563966053,0.08272810125940942
none,3.5,4,30037,0.34789886351205995,0.9090909090909091,0.005410861358709094,1.094347843946073,0.3636363636363636,0.18893302176099425,0.2880204515969374
stage1,3.5,4,30037,0.3484497740427059,0.9545454545454546,0.005742438968588334,1.0732777108638423,0.3636363636363636,0.19960081480248318,0.2880204515969374
stage2,3.5,4,29865,0.35581270282232164,0.9090909090909091,0.005402029723950725,0.9968711047423611,0.3636363636363636,0.18094731258572283,0.28283907554867005
both,3.5,4,29865,0.357943934356874,0.9090909090909091,0.0056541439085030796,0.9748144195073329,0.3636363636363636,0.19313661739268753,0.2826568400040165
none,3.5,5,28935,0.35615585861943133,0.8636363636363636,0.0014622406713728346,1.1472363073549174,0.4545454545454545,0.07877465183925138,0.10129406598191493
stage1,3.5,5,28935,0.3580499707218632,0.8636363636363636,0.0014110444037820054,1.0573097243903697,0.4545454545454545,0.06447916146627053,0.10129406598191493
stage2,3.5,5,28682,0.35799747010451444,0.8636363636363636,0.0014343768920343824,0.96616286378234,0.4545454545454545,0.09792235429094193,0.08940526036414206
both,3.5,5,28682,0.35890064405608646,0.8636363636363636,0.0013812566046050767,1.2551110740264573,0.3636363636363636,0.08140344356656852,0.08933598762524987
none,3.5,6,28539,0.3541883472439374,0.9545454545454546,0.0017210763935085061,1.01369814096695,0.4545454545454545,0.013598400402636778,0.21696724295459635
stage1,3.5,6,28539,0.35539112414716445,0.9545454545454546,0.0016493014050971693,1.0462478293973658,0.4545454545454545,0.025273078510473255,0.21696724295459635
stage2,3.5,6,28248,0.36171973128793977,0.9545454545454546,0.0017109914333542176,1.263371173137414,0.3636363636363636,0.0016658396239951797,0.2074794748722022
both,3.5,6,28248,0.3650727234418348,0.9545454545454546,0.0017255349391373407,1.2263143012572635,0.4545454545454545,0.009026993061766762,0.20739534700729317
none,3.5,7,28832,0.36764494599437586,0.9090909090909091,0.0013669853185932495,1.0446884883275636,0.3636363636363636,0.0530140628100759,0.11187747648269745
stage1,3.5,7,28832,0.3723895571398592,0.9090909090909091,0.001474290681505928,0.9946008655694822,0.3636363636363636,0.042240821605834075,0.11183168053597443
stage2,3.5,7,28591,0.36915001805864656,0.9090909090909091,0.001395750017506619,1.3063035913579395,0.3636363636363636,0.07101879284042119,0.10082257123906285
both,3.5,7,28591,0.37336860600122895,0.9090909090909091,0.0015088980328579584,1.124545138599429,0.2727272727272727,0.05979993457138971,0.10078930580966951
none,3.5,8,28445,0.36770540215863623,0.8636363636363636,0.0018405525192298035,1.213492937126243,0.4545454545454545,0.1597272988197456,0.07074311922640929
stage1,3.5,8,28445,0.3706941386588669,0.8636363636363636,0.0018971742792508498,1.1384014512301235,0.4545454545454545,0.15073356243156402,0.07070396640928307
stage2,3.5,8,28102,0.3754472222766487,0.8636363636363636,0.001818912931698514,1.2381778568656816,0.4545454545454545,0.18319637402481107,0.05829935480809262
both,3.5,8,28102,0.3797353272245576,0.8636363636363636,0.0017728356674172581,1.3371985732143012,0.3636363636363636,0.17184076807306733,0.05849642219486665
none,3.5,9,28818,0.3757973951265591,0.9090909090909091,0.0009943472087327952,1.1444299498369783,0.3636363636363636,0.08111178177007117,0.09910881598470386
stage1,3.5,9,28818,0.37816914530241336,0.9090909090909091,0.0009819596703436872,1.0362431828522094,0.3636363636363636,0.0665284202488919,0.0990294123483937
stage2,3.5,9,28593,0.3772732334133343,0.9090909090909091,0.0009946013339487635,1.027402718689692,0.3636363636363636,0.09819835670427124,0.08856181285295422
both,3.5,9,28593,0.38018455900032055,0.9090909090909091,0.000883321509436182,1.0510766766420194,0.3636363636363636,0.08047494530545207,0.08859220004414223
