version,eps,exper,nodes,edges,nmi,evc_overlap,evc_MAE,deg_kl,diam_rel,cc_rel,mod_rel
original,0.5,0,12008,116773,0.03624252247219701,0.175,0.014697710159573617,15.958971063514214,0.6153846153846153,0.9652818372022418,0.6189726433194473
improved,0.5,0,12008,12928,0.4072073486556758,0.075,0.03873563344894894,2.9832260685800165,0.30769230769230765,0.6311020062980249,0.3871804025155141
original,0.5,1,12008,118018,0.03802914792814179,0.14166666666666666,0.027280107537307467,17.883939193710734,0.6153846153846153,0.9595024319083452,0.6146940315289638
improved,0.5,1,12008,13578,0.4050955654425957,0.10833333333333334,0.03935229775519935,2.741176544778095,0.15384615384615383,0.6160725818766783,0.38112454351092534
original,0.5,2,12008,118079,0.037519089212614466,0.18333333333333332,0.029732084603704405,12.462010995359174,0.6153846153846153,0.9582982792346152,0.6129183794394072
improved,0.5,2,12008,14114,0.40380880130195046,0.16666666666666666,0.033170962684195816,2.7863071197486664,0.23076923076923073,0.6141470070114451,0.3804531656090601
original,0.5,3,12008,117085,0.03709923336242108,0.18333333333333332,0.036084914581353614,15.815874715613448,0.6153846153846153,0.9572649034313999,0.6098076036868229
improved,0.5,3,12008,13593,0.41034368666935445,0.18333333333333332,0.03674267802424474,3.0974958124438605,0.15384615384615383,0.5876244208950187,0.38044916212200325
original,0.5,4,12008,118634,0.03901863558738586,0.16666666666666666,0.031903673147744956,12.374942013054824,0.6153846153846153,0.9609539091056665,0.6142588810901377
improved,0.5,4,12008,14298,0.406224417392798,0.16666666666666666,0.035034287521054856,2.891840722320296,0.15384615384615383,0.6047190186148528,0.38808816804612517
original,0.5,5,12008,116608,0.038191972459458136,0.125,0.018690431885076495,16.165538161093902,0.6153846153846153,0.9663487303431942,0.6271910366652822
improved,0.5,5,12008,12151,0.40714147321325594,0.09166666666666666,0.041701256007470856,3.1809743490017564,0.30769230769230765,0.6077156023449505,0.39737568082302843
original,0.5,6,12008,117910,0.039516866030648856,0.21666666666666667,0.03346861856294585,12.488596578633658,0.6153846153846153,0.9557830664790424,0.6106457044075171
improved,0.5,6,12008,14013,0.40729585263608914,0.21666666666666667,0.034651967785884814,3.0607017733045065,0.30769230769230765,0.5912107274026612,0.3853260652156741
original,0.5,7,12008,118192,0.03652808535005125,0.15833333333333333,0.026187905986351716,12.727081144466133,0.6153846153846153,0.9615871103579409,0.6138005291747944
improved,0.5,7,12008,13875,0.40597185742496017,0.11666666666666667,0.03148481034173762,2.983466715846976,0.23076923076923073,0.6273910821475773,0.381413336990847
original,0.5,8,12008,117914,0.03606837405338141,0.3333333333333333,0.03042071501086064,15.197971461929754,0.6153846153846153,0.9289991239595851,0.5919583808208364
improved,0.5,8,12008,16575,0.4134417986524498,0.3333333333333333,0.031607841656041614,2.2581705251071305,0.15384615384615383,0.5484223749708926,0.2982890473147249
original,0.5,9,12008,118518,0.038271828145314046,0.24166666666666667,0.03076199293244468,12.293934942723766,0.6153846153846153,0.9441114459950379,0.6026252726784191
improved,0.5,9,12008,15316,0.4075825858684713,0.24166666666666667,0.03192302392728618,2.771642158339106,0.23076923076923073,0.5660490850514892,0.3463740277411141
original,0.5,10,12008,118529,0.037774348022969764,0.21666666666666667,0.03292254035752081,15.933547293452792,0.6153846153846153,0.9570889532966392,0.6145145915573365
improved,0.5,10,12008,14030,0.40322144597695764,0.20833333333333334,0.032980301591545115,3.1264181118781975,0.15384615384615383,0.599625776165349,0.38731336056069404
original,0.5,11,12008,118261,0.038465683511437435,0.15,0.031768136687442286,12.5996647633329,0.6153846153846153,0.9619133455382591,0.620297235601371
improved,0.5,11,12008,13542,0.4028048224036273,0.15,0.03454435346870832,3.0256290000361155,0.3846153846153846,0.6094347547470392,0.38793600521531524
original,0.5,12,12008,119098,0.03639676863615376,0.25,0.03274911965094488,8.504880569676713,0.5384615384615384,0.9439985598250414,0.5931228719066302
improved,0.5,12,12008,16836,0.4127941867877855,0.25,0.033358936089366166,2.6551207137653283,0.07692307692307691,0.5970152499364725,0.33986445226374545
original,0.5,13,12008,117711,0.037818048422314586,0.11666666666666667,0.014520916815182918,16.190121480044333,0.6153846153846153,0.963895906148548,0.6189076642839715
improved,0.5,13,12008,12750,0.4050978057738415,0.06666666666666667,0.046591525148439214,3.094476754573959,0.3846153846153846,0.6100391821158176,0.40023944186138755
original,0.5,14,12008,117706,0.037952364890415986,0.2,0.031602984793806924,12.582346700028394,0.6153846153846153,0.9560472274803754,0.6096753776609934
improved,0.5,14,12008,14284,0.40843514660321445,0.2,0.034334021804973615,2.8183421099931545,0.15384615384615383,0.6006204411854318,0.374950917882725
original,0.5,15,12008,116755,0.033837011399140395,0.2,0.03360537695025144,8.19673387456135,0.6153846153846153,0.9550000450273223,0.6096428248582598
improved,0.5,15,12008,14025,0.4118365526182553,0.2,0.033880739925322194,2.8029645450485594,0.23076923076923073,0.5844231882147466,0.3436405394877495
original,0.5,16,12008,118267,0.040431640880315256,0.175,0.029619789664710846,12.818227671149721,0.6153846153846153,0.9627758188833185,0.6203394605362335
improved,0.5,16,12008,13581,0.4033412674609718,0.15,0.03426775134222592,3.0060402231655203,0.15384615384615383,0.6299538545830287,0.38865355483533953
original,0.5,17,12008,117481,0.03828183353972762,0.24166666666666667,0.033732666816299266,17.598286232392223,0.6153846153846153,0.9534993534622056,0.6122656368714071
improved,0.5,17,12008,13926,0.40482499933784105,0.24166666666666667,0.0346702157588509,2.948331354212467,0.15384615384615383,0.6033072734347646,0.36522847182445706
original,0.5,18,12008,118363,0.03705653797588962,0.19166666666666668,0.027253743558098606,15.997114915885584,0.6153846153846153,0.9594866257711435,0.6126748711124104
improved,0.5,18,12008,13976,0.4050402787978861,0.125,0.04178814372182016,3.0435170926180755,0.0,0.6104729863466911,0.3868434045524888
original,0.5,19,12008,120502,0.04126212618463501,0.225,0.03377800090500357,12.47872313262572,0.6153846153846153,0.9464136473453291,0.5947880851056349
improved,0.5,19,12008,16763,0.4049336949903089,0.225,0.035873902821541154,2.704182369535999,0.0,0.5907562052626546,0.3781635026606288
original,0.5,20,12008,117454,0.040303833878166995,0.13333333333333333,0.018219432333686787,16.213661287177498,0.6153846153846153,0.9637338834679559,0.6278885838759225
improved,0.5,20,12008,12182,0.4048972968426967,0.15,0.035607685796148376,3.2772092165790525,0.30769230769230765,0.5691232369372727,0.4112996895654848
original,0.5,21,12008,116487,0.03502368903013831,0.2,0.02146453143313184,12.480193570619278,0.6153846153846153,0.969477603744351,0.6296627267526556
improved,0.5,21,12008,11889,0.409770551061489,0.125,0.043706745696346576,3.1156061863051936,0.3846153846153846,0.6161729423137047,0.3972811880383703
original,0.5,22,12008,116368,0.03712084556356455,0.19166666666666668,0.020458713981929333,18.20448286322556,0.6153846153846153,0.9654610986726867,0.6217695411752954
improved,0.5,22,12008,12094,0.408654818495211,0.11666666666666667,0.03833298371361003,3.1397563304465415,0.6153846153846153,0.5938894101532611,0.3935276501108906
original,0.5,23,12008,116563,0.036337191186432735,0.24166666666666667,0.03638506499046657,14.517136419990978,0.6153846153846153,0.9556580424875885,0.6092323246303484
improved,0.5,23,12008,13781,0.4091818741008075,0.24166666666666667,0.03800033099974566,3.042595037183964,0.15384615384615383,0.5993053157760815,0.3687235033975133
original,0.5,24,12008,116366,0.036096820004997,0.175,0.025387508676993895,15.832978162377609,0.6153846153846153,0.9624840467324646,0.614746462546418
improved,0.5,24,12008,13361,0.40720658194238235,0.1,0.041343083121267644,2.8387708868864108,0.3846153846153846,0.6254299555811593,0.3771678618673311
original,0.5,25,12008,118267,0.03718293686436963,0.21666666666666667,0.021125017039171252,16.01861459873788,0.6153846153846153,0.9602271988083724,0.6133388513001836
improved,0.5,25,12008,14179,0.40506677999426566,0.13333333333333333,0.03470905912152637,2.9088674045812133,0.30769230769230765,0.6269719098747379,0.38308060588638215
original,0.5,26,12008,117021,0.03607206186360709,0.24166666666666667,0.029257681985571625,12.375607652385156,0.6153846153846153,0.949037389153542,0.5959120110756889
improved,0.5,26,12008,15335,0.4130282058234404,0.24166666666666667,0.03058813521475973,2.7688840328576503,0.07692307692307691,0.6101533115856178,0.3325521771421523
original,0.5,27,12008,117408,0.03520815587893939,0.18333333333333332,0.028464265095496828,15.8482112838699,0.6153846153846153,0.9625606561663915,0.6050409459691626
improved,0.5,27,12008,14389,0.41323575544743985,0.18333333333333332,0.02929713785094441,2.953263279942525,0.15384615384615383,0.643695977638233,0.3656722633533407
original,0.5,28,12008,118164,0.039105456483012974,0.125,0.01680833599413256,12.823975138846908,0.6153846153846153,0.9598919815048337,0.6225964975281011
improved,0.5,28,12008,13111,0.40537947772180966,0.11666666666666667,0.04345660289767082,3.0469468405640994,0.23076923076923073,0.5863805677909625,0.4001130104557338
original,0.5,29,12008,118029,0.037553709321184986,0.18333333333333332,0.0279744801910262,15.62679920315481,0.6153846153846153,0.956083843836074,0.6020042375113532
improved,0.5,29,12008,15220,0.4073029640970891,0.15833333333333333,0.03084157746189732,2.791097032512318,0.23076923076923073,0.642309023151122,0.3578676948836173
original,0.5,30,12008,115799,0.034221117706048985,0.225,0.03148033946156173,12.152183780503906,0.6153846153846153,0.954124650883746,0.6125542351752
improved,0.5,30,12008,13943,0.4103338708682976,0.225,0.032430485038114056,2.8506449666285274,0.46153846153846145,0.6126264870547755,0.3261519557820357
original,0.5,31,12008,119122,0.03688964424787458,0.2,0.03220637454943902,16.020429614952448,0.6153846153846153,0.9603723824630391,0.6102769377109157
improved,0.5,31,12008,14882,0.4055204924246573,0.19166666666666668,0.034835208771734134,3.001791831083758,0.07692307692307691,0.6243446687062809,0.3783518572615723
original,0.5,32,12008,118646,0.03522815793310672,0.13333333333333333,0.018343009952723276,15.627756810135935,0.6153846153846153,0.9578117775921939,0.6067736437036823
improved,0.5,32,12008,14747,0.405552627198935,0.1,0.03758939427468045,2.7514476006285604,0.23076923076923073,0.6399992316169436,0.36890626471223764
original,0.5,33,12008,118217,0.037062866808748464,0.16666666666666666,0.014762586643472115,16.019170216228424,0.6153846153846153,0.9635341960315531,0.6166527598298485
improved,0.5,33,12008,13843,0.40514328119011095,0.075,0.042022090404838806,2.887893487409506,0.23076923076923073,0.6349058629316993,0.38799246834811074
original,0.5,34,12008,117659,0.03448148955270928,0.15,0.03932199547253634,12.682358082013591,0.6153846153846153,0.9626023742861112,0.6209843138095309
improved,0.5,34,12008,12846,0.4064002302107215,0.14166666666666666,0.039413027757474864,3.1739962916394635,0.23076923076923073,0.6112597434436186,0.39199790367408427
original,0.5,35,12008,117063,0.03656938194371698,0.16666666666666666,0.03589434469531128,12.468419983486726,0.6153846153846153,0.9587643130866604,0.6241893196823524
improved,0.5,35,12008,12839,0.4032937168146898,0.16666666666666666,0.037086894295717474,2.991236768958248,0.46153846153846145,0.5832926264326413,0.37136512313998415
original,0.5,36,12008,116661,0.03691551549475878,0.15833333333333333,0.026536175594713194,15.953379815797186,0.6153846153846153,0.9628719869123576,0.6092417900827709
improved,0.5,36,12008,13918,0.409748725276991,0.15833333333333333,0.029230453038586193,2.886458042365274,0.30769230769230765,0.6319196032742346,0.3760271288329593
original,0.5,37,12008,117655,0.038469932576501165,0.15833333333333333,0.029077575590878424,15.942971336435921,0.6153846153846153,0.9605458559366421,0.6138748943530568
improved,0.5,37,12008,13663,0.40862400604378396,0.15,0.032985004724847174,2.9786400141301375,0.3846153846153846,0.6036875508229912,0.383732148517159
original,0.5,38,12008,118360,0.03724926889388727,0.39166666666666666,0.02864413412614669,12.146131957178165,0.6153846153846153,0.9487241403614602,0.598777956671118
improved,0.5,38,12008,15622,0.41099482157915057,0.25833333333333336,0.03915642643601695,2.7711600802183143,0.15384615384615383,0.5891878726657647,0.3613139447327474
original,0.5,39,12008,118808,0.03728487104097267,0.14166666666666666,0.020554143661455967,15.81932246813971,0.6153846153846153,0.9559442998768531,0.6008737471405255
improved,0.5,39,12008,15707,0.40650766330597293,0.15833333333333333,0.02269888601397037,2.899334687690387,0.07692307692307691,0.6417471898790498,0.36629400007254487
original,0.5,40,12008,116898,0.035253364169324834,0.225,0.028899683639906058,12.192198262990969,0.6153846153846153,0.9520342857920507,0.6099195021785665
improved,0.5,40,12008,14079,0.40913457562264066,0.21666666666666667,0.02977815999429865,2.758137800853235,0.30769230769230765,0.6023993420720672,0.3418748637381542
original,0.5,41,12008,117467,0.03623192428511248,0.20833333333333334,0.025483470094353235,15.95895898754522,0.6153846153846153,0.9615305862186785,0.6157975202983127
improved,0.5,41,12008,13433,0.4054327223758646,0.19166666666666668,0.026201204545390832,3.0072145639519743,0.23076923076923073,0.609904044956405,0.3780955622811481
original,0.5,42,12008,116981,0.03522473150814998,0.15,0.016633519640375433,18.098315864228738,0.6153846153846153,0.9627418926762686,0.6137367588831143
improved,0.5,42,12008,13858,0.4109854763059748,0.08333333333333333,0.031229724138375155,3.0951494209575507,0.15384615384615383,0.6532570463385989,0.3687345988298246
original,0.5,43,12008,117427,0.03354022760626663,0.09166666666666666,0.027318327909443572,16.09398674697898,0.6153846153846153,0.9687557627529995,0.6248089838484363
improved,0.5,43,12008,12633,0.40410301372157703,0.08333333333333333,0.03942643519137032,3.1770086655852428,0.6153846153846153,0.6206634668486367,0.3980290052477047
original,0.5,44,12008,117176,0.03718822573475626,0.19166666666666668,0.03133565451430706,15.886041320281066,0.6153846153846153,0.9581371680147687,0.6117587960850196
improved,0.5,44,12008,13758,0.408847086148931,0.19166666666666668,0.03358006764416187,2.9861203769247178,0.23076923076923073,0.6097253698795938,0.37817836419466955
original,0.5,45,12008,116343,0.03695406440152263,0.26666666666666666,0.03008984960151592,15.864417496290557,0.6153846153846153,0.9590492950492463,0.616653870332403
improved,0.5,45,12008,13109,0.4055842628866685,0.18333333333333332,0.04670236684639976,3.089184009231131,0.15384615384615383,0.6053433517039037,0.3760155666673987
original,0.5,46,12008,119984,0.03800174244331291,0.15,0.015893626118516576,16.00297657842433,0.6153846153846153,0.958354286849578,0.5940258673164144
improved,0.5,46,12008,16400,0.4057955739353052,0.09166666666666666,0.031745487844621056,2.7492318220435705,0.07692307692307691,0.6706517045220736,0.36891658292986174
original,0.5,47,12008,118766,0.041808593367788055,0.525,0.024385231013023687,11.780151232334125,0.5384615384615384,0.8022296996458156,0.5664095627029014
improved,0.5,47,12008,20237,0.4082747937481559,0.525,0.024207375637641696,2.6262796595511646,0.3846153846153846,0.3160454159243217,0.1438881753373952
original,0.5,48,12008,117478,0.04252172177985201,0.55,0.020573307669315775,8.139029100597327,0.6153846153846153,0.659277631198342,0.5444225543099808
improved,0.5,48,12008,21538,0.4143628775883891,0.575,0.020359335757759604,3.0321785848050244,0.15384615384615383,0.09112337280582196,0.020659623644876546
original,0.5,49,12008,116927,0.036011282095439856,0.3,0.0321581042770081,15.383657365893361,0.6153846153846153,0.9239383188297771,0.609992063986084
improved,0.5,49,12008,14495,0.40766144292092776,0.3,0.03149471945807801,2.552025126721532,0.5384615384615384,0.47764788116380763,0.2642274208280135
original,1.0,0,12008,117742,0.05868286115299153,0.8583333333333333,0.002616746691526132,2.8087292447398466,0.5384615384615384,0.33422423722227224,0.4135216985356523
improved,1.0,0,12008,46617,0.41638808017101736,0.8666666666666667,0.0024706492060614918,1.7570746910193904,0.07692307692307691,0.14177970692394437,0.5527570045665351
original,1.0,1,12008,117706,0.052360601646271474,0.875,0.0022709169912892026,3.6738858585141663,0.5384615384615384,0.18896353448249423,0.39870734794723106
improved,1.0,1,12008,43298,0.4147427901400553,0.8416666666666667,0.002083381238781314,2.2662407732516807,0.15384615384615383,0.05376639256529526,0.45991045995982816
original,1.0,2,12008,116486,0.05275744122247846,0.8583333333333333,0.0029804264985238554,3.3711603420633356,0.5384615384615384,0.23447587597817887,0.406333476215633
improved,1.0,2,12008,41418,0.4184959821631046,0.85,0.0029932195684171103,2.4333134446548415,0.15384615384615383,0.006025982291285685,0.47120655168811604
original,1.0,3,12008,118324,0.054546881803300855,0.825,0.0028325835722665398,3.1401914713168257,0.5384615384615384,0.2757386412206385,0.41465397354643035
improved,1.0,3,12008,43883,0.41590702835298404,0.8333333333333334,0.0025588715984948733,2.3125345458588313,0.0,0.046140885343973405,0.49233629755710334
original,1.0,4,12008,117467,0.049440926155780864,0.7833333333333333,0.007263173261438554,11.134133399628391,0.5384615384615384,0.3603667610080438,0.4516171781537334
improved,1.0,4,12008,34828,0.4101690818573029,0.7916666666666666,0.006990964339912257,2.6506345651425995,0.07692307692307691,0.03177104302933578,0.35470488287765084
original,1.0,5,12008,117962,0.05587192221631452,0.8666666666666667,0.0021303274844674657,2.8055624237169945,0.5384615384615384,0.31239950778997744,0.408534667478213
improved,1.0,5,12008,47014,0.4200468683365154,0.8666666666666667,0.0018714742688644888,1.7516080164996737,0.23076923076923073,0.12168303296007006,0.5660723986432201
original,1.0,6,12008,117781,0.05727969188908707,0.8333333333333334,0.003398553403325135,6.773186267913602,0.5384615384615384,0.23646570405688067,0.42773694604800355
improved,1.0,6,12008,41057,0.4145848473118817,0.775,0.0033076886130400064,2.348077504322607,0.23076923076923073,0.03488058202772626,0.423925498230283
original,1.0,7,12008,118032,0.05738221741815207,0.8416666666666667,0.0019848562646675337,3.2037034645570155,0.5384615384615384,0.24783038235157623,0.4068361530036365
improved,1.0,7,12008,44776,0.4155318761738957,0.8666666666666667,0.001993209248537758,2.003713447812838,0.07692307692307691,0.023213752963279773,0.5062662380759398
original,1.0,8,12008,118084,0.05916735350590768,0.8833333333333333,0.0024704614370464673,2.7665152163294016,0.5384615384615384,0.3276902720669105,0.421049199424593
improved,1.0,8,12008,46824,0.4137574678306231,0.8666666666666667,0.0023727623174136284,2.030436428552415,0.07692307692307691,0.12902233488639228,0.5387181657857418
original,1.0,9,12008,117193,0.05123132555134654,0.9166666666666666,0.002057685170630677,2.7873202415094824,0.5384615384615384,0.28336132965832295,0.39303301055321516
improved,1.0,9,12008,46837,0.4162457440938781,0.9083333333333333,0.0019688277505506054,1.9737999290153079,0.0,0.08662669227985334,0.5467497549579196
original,1.0,10,12008,117808,0.055545065551081386,0.8916666666666667,0.002545745225958284,2.3037221497608864,0.46153846153846145,0.3513032550097082,0.37637424543930736
improved,1.0,10,12008,52644,0.4210411906250302,0.9083333333333333,0.002386116559107953,1.6691186157396352,0.0,0.21001525203004917,0.5118971639460496
original,1.0,11,12008,116544,0.05350670053428911,0.8333333333333334,0.002728528117049404,6.760435041526485,0.5384615384615384,0.2342777314128005,0.4075325947014072
improved,1.0,11,12008,42381,0.4175959621609741,0.8333333333333334,0.0025100719157430673,2.3262514750277754,0.07692307692307691,0.006029823487420866,0.4995439608000254
original,1.0,12,12008,117610,0.05365050642612257,0.85,0.0044280627260145766,7.035577524341747,0.5384615384615384,0.27264639013604086,0.42329492066711777
improved,1.0,12,12008,39395,0.4144791518067687,0.8166666666666667,0.004296943870181813,2.2672364713184825,0.0,0.007533316596073185,0.4025687458039715
original,1.0,13,12008,117099,0.04231646654371238,0.6666666666666666,0.014747695933262748,6.945548836243536,0.5384615384615384,0.5688203190337819,0.5096526832586036
improved,1.0,13,12008,26778,0.410977824947462,0.6416666666666667,0.014788825578838165,2.6279583116906085,0.23076923076923073,0.1167029015116528,0.11654184399400512
original,1.0,14,12008,117453,0.04838517100706482,0.7333333333333333,0.009718215974474005,3.184199514332784,0.5384615384615384,0.4783972644763115,0.4657157099157282
improved,1.0,14,12008,33927,0.4152226251117656,0.7666666666666667,0.009340025732466107,2.4044418821982254,0.07692307692307691,0.14434137706696265,0.26192208028267455
original,1.0,15,12008,117462,0.056279214530652884,0.9083333333333333,0.0023167993373942727,5.853019946882395,0.5384615384615384,0.3396036402183338,0.39002356864883364
improved,1.0,15,12008,50406,0.420834955442198,0.8833333333333333,0.0022181295982556504,1.7218615455503286,0.07692307692307691,0.17003731461316218,0.49626420704623153
original,1.0,16,12008,117166,0.05482569947726419,0.9083333333333333,0.0022341762034933446,6.137008305952142,0.5384615384615384,0.28725047061595577,0.39751307639662603
improved,1.0,16,12008,46436,0.41936164311554547,0.9166666666666666,0.002243236044653982,1.9497767199868314,0.15384615384615383,0.09093393444693675,0.5702797577457029
original,1.0,17,12008,117244,0.05758952724504874,0.9083333333333333,0.0031735814404848595,2.267733294764542,0.46153846153846145,0.41572305423907274,0.3943911119442712
improved,1.0,17,12008,54554,0.41777317153937016,0.9,0.003098165728004397,1.5084494511956712,0.23076923076923073,0.2969412344292979,0.6102930492271038
original,1.0,18,12008,117254,0.05353411432493892,0.8833333333333333,0.0028281239697936244,6.488624952455109,0.5384615384615384,0.26610329800286586,0.4014932681882659
improved,1.0,18,12008,44216,0.41860282852660496,0.9,0.0024937661187214425,2.1603588274172782,0.07692307692307691,0.03689212633185957,0.48281980588317314
original,1.0,19,12008,117018,0.052497420696532994,0.875,0.002540536154795151,3.2453152597286468,0.5384615384615384,0.21996787753306163,0.4159076128446462
improved,1.0,19,12008,42167,0.41753042971339177,0.8833333333333333,0.002379425655802958,2.268065017704241,0.15384615384615383,0.030348275933043983,0.49950431299107373
original,1.0,20,12008,118234,0.04842472784182249,0.7,0.007672264392629586,3.8440108375287023,0.5384615384615384,0.3307023353634058,0.45630272876162736
improved,1.0,20,12008,33446,0.40516177465613895,0.6666666666666666,0.007452756286176269,2.742878783998464,0.15384615384615383,0.04882828046101221,0.28164942988784664
original,1.0,21,12008,117786,0.04605810402155098,0.725,0.009606519831034544,3.561181886594919,0.5384615384615384,0.42548790267114145,0.4677023314638283
improved,1.0,21,12008,32752,0.407852048803201,0.7166666666666667,0.009478402968606548,2.7881436701223294,0.15384615384615383,0.03682005398980936,0.2038685840994535
original,1.0,22,12008,118579,0.04243651223923996,0.5916666666666667,0.019436975847877947,7.875728292963409,0.5384615384615384,0.6685207917444592,0.5353037106608407
improved,1.0,22,12008,24299,0.39918809681779827,0.6,0.01967211768157584,3.286112724605987,0.0,0.16588357340386525,0.027086732891276104
original,1.0,23,12008,117760,0.05527334191340277,0.8916666666666667,0.0022056888936802144,2.761194088202482,0.5384615384615384,0.2989624938868742,0.3904877281294397
improved,1.0,23,12008,48921,0.4173922881346269,0.8666666666666667,0.0019261570361961268,1.7337886950392356,0.15384615384615383,0.11706528934344712,0.5284595249087618
original,1.0,24,12008,116915,0.05178238555977291,0.8,0.0038570496867585966,6.908435129963478,0.5384615384615384,0.28328093397726284,0.43046618306256385
improved,1.0,24,12008,39891,0.41596100180765244,0.8,0.0036975191193687417,2.330021752768191,0.30769230769230765,0.017827512222409653,0.49873937449636857
original,1.0,25,12008,117348,0.05500208580538068,0.8583333333333333,0.0031026731237191224,6.816968007784913,0.5384615384615384,0.22654703772788876,0.41302454375160624
improved,1.0,25,12008,41569,0.41484171399942144,0.8666666666666667,0.002815829667522139,2.242875440677102,0.3846153846153846,0.03585192678001123,0.4645991661800027
original,1.0,26,12008,117322,0.052086259043701864,0.9,0.0024680261879542974,2.8542089862229685,0.5384615384615384,0.3159287990289904,0.4048669688182945
improved,1.0,26,12008,47574,0.4217264375470662,0.9166666666666666,0.002179521112738931,1.825603643759348,0.15384615384615383,0.1354585214462849,0.5705248516481042
original,1.0,27,12008,116880,0.05397120844406266,0.8083333333333333,0.0030623219189226236,3.317825635794625,0.5384615384615384,0.2781684104033394,0.4032686300945047
improved,1.0,27,12008,43073,0.41975190396464923,0.8166666666666667,0.003040665007789492,2.0905213175629767,0.0,0.044453274614446855,0.4752232361901972
original,1.0,28,12008,116851,0.048073440296894886,0.6166666666666667,0.011226553187271079,7.872909835187305,0.5384615384615384,0.43890204009567113,0.500597869437099
improved,1.0,28,12008,27579,0.4110479683788687,0.625,0.011062565808782527,3.0697247421480425,0.23076923076923073,0.020805302468583583,0.2578010810256141
original,1.0,29,12008,117955,0.056024677335227646,0.8916666666666667,0.0028360097814234104,2.646381291900371,0.46153846153846145,0.3734999600629068,0.3828673620361575
improved,1.0,29,12008,53469,0.4153989307799456,0.9166666666666666,0.002679032201409695,1.6475464676968201,0.0,0.23823824020951584,0.5394551679082156
original,1.0,30,12008,117533,0.05574898440173655,0.8,0.0025940268973964624,3.565894748110538,0.5384615384615384,0.23605341851737616,0.3946969481452198
improved,1.0,30,12008,44095,0.41648940204841334,0.8166666666666667,0.002490506891937665,2.0973836156684023,0.15384615384615383,0.009032974759191808,0.435361725514652
original,1.0,31,12008,117228,0.05098649307556588,0.875,0.0021244043245194355,2.8653718421124696,0.5384615384615384,0.257748683236055,0.4128025706327423
improved,1.0,31,12008,43637,0.41965276475288593,0.875,0.0020677691518497777,2.1511471997918177,0.15384615384615383,0.018330756376207985,0.5509290927491556
original,1.0,32,12008,117469,0.054898044720745005,0.9166666666666666,0.0022654881333060957,2.881024937428945,0.46153846153846145,0.3231096803739838,0.39614042344580486
improved,1.0,32,12008,48990,0.4215569863415281,0.9333333333333333,0.0022609762072887045,1.7440982617555898,0.07692307692307691,0.1534090300691181,0.5900536081214854
original,1.0,33,12008,117421,0.05443825287815255,0.925,0.002730649956014546,2.4100650105203902,0.5384615384615384,0.39392086420630573,0.40836658935111314
improved,1.0,33,12008,51576,0.42128872122891187,0.9083333333333333,0.002776396713753879,1.626938266265802,0.15384615384615383,0.24350535808162874,0.6358700285771867
original,1.0,34,12008,117399,0.04860982623221778,0.7,0.011640738496779586,7.075541404639437,0.5384615384615384,0.5104379985927453,0.4905669649298231
improved,1.0,34,12008,30097,0.40859701021406175,0.7,0.011694456266875585,2.85760026012331,0.15384615384615383,0.12907934948959196,0.2392818222084632
original,1.0,35,12008,117929,0.044201047404634417,0.6333333333333333,0.015270965746464103,7.707489685114005,0.6153846153846153,0.550763241358041,0.5091474003167825
improved,1.0,35,12008,26522,0.40713493028534953,0.6583333333333333,0.01516501105605276,2.713230740400854,0.15384615384615383,0.05309963149523412,0.06294538879612337
original,1.0,36,12008,116528,0.04370024266200009,0.65,0.01616633612672106,4.383942360186437,0.5384615384615384,0.5666258134451523,0.5311759257472386
improved,1.0,36,12008,23682,0.4084538870829439,0.6416666666666667,0.016106541006915776,3.1756315809298634,0.46153846153846145,0.04623674821327838,0.1421510001341943
original,1.0,37,12008,116075,0.051369719635183234,0.8166666666666667,0.0033389197079790327,3.246213478569113,0.5384615384615384,0.25862154967136347,0.4085486647269055
improved,1.0,37,12008,41698,0.4194430545985933,0.8333333333333334,0.0032118723128699827,2.1161138620123676,0.07692307692307691,0.019195798037084832,0.48582446933907936
original,1.0,38,12008,117339,0.05290375198382837,0.875,0.004072912309162715,6.759502132298896,0.5384615384615384,0.2688941670107199,0.4323339639913077
improved,1.0,38,12008,39174,0.4151010918245221,0.85,0.0040626442501518764,2.406287974750218,0.23076923076923073,0.013817988874657844,0.4658380289036411
original,1.0,39,12008,116727,0.05151565522152486,0.9083333333333333,0.0025364258966440027,3.119423462050892,0.5384615384615384,0.2545862767134555,0.3909152417007621
improved,1.0,39,12008,45175,0.42283048096098047,0.8833333333333333,0.0025414382961685203,1.973720920352884,0.30769230769230765,0.04928517126517416,0.4897171051651157
original,1.0,40,12008,117624,0.05513749233718888,0.925,0.0024935357824608555,2.543322857679368,0.46153846153846145,0.34432317599945583,0.3958384266050393
improved,1.0,40,12008,50919,0.41859118702828035,0.9166666666666666,0.002319699546401465,1.7402390717651237,0.0,0.19415985786487042,0.5745407888909375
original,1.0,41,12008,116769,0.0565103120601728,0.9083333333333333,0.0029179487235468466,2.2457320409268196,0.5384615384615384,0.4027249991095086,0.4024253673430393
improved,1.0,41,12008,53104,0.42035871790903817,0.9083333333333333,0.0025932352424971705,1.6232471561877513,0.07692307692307691,0.2740324876985986,0.6309476409486034
original,1.0,42,12008,117559,0.0574526029378878,0.875,0.002206923570134868,6.010544785789756,0.5384615384615384,0.2766142847441385,0.38403634037969364
improved,1.0,42,12008,48149,0.42068819788122674,0.8666666666666667,0.002201895985055246,1.8744509766446589,0.07692307692307691,0.07401107168077792,0.4260267991226688
original,1.0,43,12008,117730,0.052307222832470544,0.9333333333333333,0.002433585204000113,2.3572368789659572,0.5384615384615384,0.3793565158630042,0.4034939730092378
improved,1.0,43,12008,51221,0.4234552143640818,0.925,0.002473255350545748,1.5873610732235037,0.15384615384615383,0.23273084906949615,0.6388384792453208
original,1.0,44,12008,117022,0.05657114380135219,0.9416666666666667,0.002669697500860486,2.3529512609939918,0.46153846153846145,0.37643347433229996,0.4106204185667083
improved,1.0,44,12008,50415,0.42279790255490624,0.925,0.002405727302180551,1.6249423822308868,0.23076923076923073,0.21804300388177758,0.6140422951561118
original,1.0,45,12008,118211,0.056554402435394203,0.8833333333333333,0.0021819023750425013,3.0494331501923173,0.5384615384615384,0.2735459966048733,0.4015503891388712
improved,1.0,45,12008,46991,0.4130765291153703,0.9166666666666666,0.00195493076106618,2.076221207165296,0.0,0.0648563819823747,0.4954737161170932
original,1.0,46,12008,118066,0.05422536128950811,0.8166666666666667,0.003435978472869756,6.749084670647404,0.5384615384615384,0.2625232597323516,0.4269600640241775
improved,1.0,46,12008,40637,0.41721948709916595,0.8416666666666667,0.0033925034389568776,2.183711983359042,0.23076923076923073,0.009901571226291874,0.46683675085201626
original,1.0,47,12008,116180,0.05053893453241942,0.8416666666666667,0.002766133387831275,6.526959773468691,0.5384615384615384,0.26995686812816105,0.41631100965061485
improved,1.0,47,12008,42224,0.41847895976648347,0.8333333333333334,0.002705217153918917,2.2795349400489733,0.15384615384615383,0.032502171384914194,0.5154343863513402
original,1.0,48,12008,117133,0.05862578682311828,0.8333333333333334,0.003097068832116043,3.1955946280467877,0.5384615384615384,0.25746422786488166,0.4141148274163841
improved,1.0,48,12008,42138,0.4145883436797238,0.8166666666666667,0.0030395756688021314,2.2043633296564535,0.23076923076923073,0.015157155773259923,0.4803532926073757
original,1.0,49,12008,117318,0.05446521780256863,0.9083333333333333,0.0025949155174391316,2.7247033545771076,0.5384615384615384,0.33322277241384507,0.3969283605897482
improved,1.0,49,12008,50014,0.420595333221658,0.9,0.0021202456484961146,1.7123614965356617,0.07692307692307691,0.16511585472212933,0.5572171331342578
original,1.5,0,12008,116883,0.05776255180187158,0.95,0.0032140105993297362,1.833345345534915,0.3846153846153846,0.44835778655157077,0.3590850013181744
improved,1.5,0,12008,62789,0.4170074210920453,0.9666666666666667,0.0031405912011728816,1.3319560080782173,0.0,0.3668057082741086,0.5184203893991164
original,1.5,1,12008,117921,0.06331303670992117,0.95,0.004319770229550084,1.5136807274530144,0.46153846153846145,0.5720385880408954,0.40513956898519604
improved,1.5,1,12008,67427,0.4155741247968977,0.9666666666666667,0.004356211017782824,1.3104608820723667,0.0,0.5103086302715154,0.6807527491418632
original,1.5,2,12008,117031,0.060447296502596566,0.9416666666666667,0.0031602778607854477,1.639182128798596,0.46153846153846145,0.4089241647113082,0.35735950673580547
improved,1.5,2,12008,60725,0.4201649808187325,0.9416666666666667,0.0030070796833204442,1.3610178269975968,0.15384615384615383,0.3052175649167184,0.4911068487635174
original,1.5,3,12008,117158,0.05981068519241369,0.9333333333333333,0.0035998737638086825,1.6660494373553236,0.46153846153846145,0.5128130099916745,0.4129306152095953
improved,1.5,3,12008,61353,0.41932816589623956,0.9666666666666667,0.003109841037068849,1.325769733900797,0.07692307692307691,0.42192646722745764,0.6658103871136098
original,1.5,4,12008,117403,0.062284918122640275,0.95,0.004024893000637258,1.4071268219123159,0.3846153846153846,0.5403308394647804,0.3881630550860662
improved,1.5,4,12008,67139,0.4176743147175764,0.9583333333333334,0.004015090279772583,1.2936684780996162,0.07692307692307691,0.4769748041118888,0.6314148476821724
original,1.5,5,12008,116572,0.062231355877778304,0.9333333333333333,0.003374272238425238,1.420774235527785,0.3846153846153846,0.49686009848697754,0.3633372745487259
improved,1.5,5,12008,65987,0.42081690339859484,0.9333333333333333,0.0034640081686427735,1.3130971082487184,0.15384615384615383,0.42508949066381446,0.5368044687029933
original,1.5,6,12008,116900,0.05627162517587435,0.95,0.00349944517531795,1.751753233878173,0.46153846153846145,0.5303121740060723,0.41714497703076114
improved,1.5,6,12008,62339,0.41100210346334193,0.9583333333333334,0.003686784401148844,1.2890748881575242,0.15384615384615383,0.45210532248297625,0.7028984570451509
original,1.5,7,12008,117241,0.058250292131154104,0.9416666666666667,0.0035200605862274283,1.6055379992926537,0.46153846153846145,0.526842008513701,0.4061745545605041
improved,1.5,7,12008,62206,0.41772796305797855,0.9333333333333333,0.0038614567999963613,1.3471621059199466,0.15384615384615383,0.4435300986805842,0.6783748196438883
original,1.5,8,12008,116667,0.05735264507682328,0.9333333333333333,0.003216551649334577,1.8540332958972938,0.46153846153846145,0.451805575034093,0.38812303088153516
improved,1.5,8,12008,58861,0.4145273855673755,0.9416666666666667,0.0032455183626490746,1.3561596174071293,0.07692307692307691,0.3503205396549374,0.5834307522829512
original,1.5,9,12008,117651,0.05547864509370356,0.95,0.003178625091077288,1.6824147146790698,0.46153846153846145,0.44796112926791587,0.36867649911991723
improved,1.5,9,12008,61581,0.4125804348374703,0.9416666666666667,0.0031900548866838044,1.3115639103851469,0.15384615384615383,0.3502028049239078,0.5195285595871899
original,1.5,10,12008,117156,0.06035529848961734,0.9416666666666667,0.003847738751813165,1.5864842995526927,0.46153846153846145,0.5175566298702523,0.3879468845540699
improved,1.5,10,12008,64465,0.41849308452259826,0.95,0.0033877727339969564,1.2835473766170902,0.15384615384615383,0.44194006286303,0.6193987189455334
original,1.5,11,12008,117615,0.06965254157882586,0.9333333333333333,0.004247484099502136,1.5543053432193108,0.46153846153846145,0.573704435511952,0.4100768479698503
improved,1.5,11,12008,67089,0.4134362025462589,0.9416666666666667,0.0043209990162750385,1.3563502259218394,0.15384615384615383,0.5160275996822636,0.7186718507549843
original,1.5,12,12008,116886,0.0616264392935058,0.975,0.0037337936726204593,1.4639387327734825,0.46153846153846145,0.5351661857718597,0.38494720207586464
improved,1.5,12,12008,68715,0.41447713211186044,0.9583333333333334,0.004075047342007976,1.280214600692538,0.0,0.4741802982191783,0.5720789675370296
original,1.5,13,12008,117564,0.059009482369239356,0.9583333333333334,0.0038850704435271486,1.4777743930552854,0.3846153846153846,0.565834052902178,0.4190526749318823
improved,1.5,13,12008,65244,0.40930174922596607,0.9583333333333334,0.004081128518612263,1.2099579112885526,0.30769230769230765,0.5010549702072675,0.6882410002083141
original,1.5,14,12008,117846,0.062279711610560284,0.95,0.0036574166145028016,1.6799951583799833,0.46153846153846145,0.5354267371650707,0.40781342060406117
improved,1.5,14,12008,63404,0.4145774948486279,0.9583333333333334,0.004025022303185739,1.3459562826290288,0.23076923076923073,0.4582418332315095,0.6969925415246123
original,1.5,15,12008,117260,0.06073342824898186,0.9416666666666667,0.0036408124476135268,1.7464601546169998,0.46153846153846145,0.4970901519550521,0.39290961855466777
improved,1.5,15,12008,62677,0.4118577747987367,0.9416666666666667,0.0037202217470404604,1.2730901543329347,0.07692307692307691,0.4226830568772625,0.6280007334985273
original,1.5,16,12008,117921,0.05839750197273394,0.95,0.003083034235071209,1.5718770671368247,0.46153846153846145,0.4705400445144298,0.34609684588636613
improved,1.5,16,12008,66920,0.4090465738262268,0.95,0.0036008814127160287,1.1995556128539433,0.0,0.39281418301957394,0.44873412211609975
original,1.5,17,12008,116654,0.06018535647171523,0.9583333333333334,0.004099227431370881,1.5669507339676108,0.46153846153846145,0.5666830771643441,0.4251488048114507
improved,1.5,17,12008,64179,0.4141317022969417,0.9416666666666667,0.004248685636511007,1.4231963874518245,0.3846153846153846,0.49299185641124404,0.7322581726714069
original,1.5,18,12008,117172,0.05786901769688955,0.9583333333333334,0.003175581199730992,1.7700410548892156,0.46153846153846145,0.4377834692385505,0.3639394376294858
improved,1.5,18,12008,61479,0.414975246388789,0.9416666666666667,0.0031930421179738135,1.3178937890483169,0.30769230769230765,0.34020401217297025,0.520403013485952
original,1.5,19,12008,117492,0.058475974924666635,0.9333333333333333,0.00373654842032996,1.727100345631437,0.3846153846153846,0.5516654373984021,0.41196633933861315
improved,1.5,19,12008,64942,0.40954791891357917,0.9666666666666667,0.0038049443795435786,1.2386716926597938,0.15384615384615383,0.47879415482320303,0.6881914204861411
original,1.5,20,12008,117854,0.06485790322331501,0.9583333333333334,0.004450258185966057,1.53661407994856,0.46153846153846145,0.5766659279087236,0.40779258440507715
improved,1.5,20,12008,67582,0.41089857281529835,0.9666666666666667,0.004220152360940349,1.258498968467891,0.15384615384615383,0.5140148347772764,0.6983321501776826
original,1.5,21,12008,117713,0.06016265554087138,0.9333333333333333,0.0037037353352577062,1.6637738435826745,0.46153846153846145,0.5308590022947335,0.39365211439049397
improved,1.5,21,12008,66353,0.41028680146572327,0.9666666666666667,0.004004011226741606,1.1946110904110712,0.0,0.4623470373010127,0.601620063377166
original,1.5,22,12008,116990,0.05941788019549704,0.95,0.003604804742389205,1.6306393904648702,0.46153846153846145,0.49559686158334515,0.37202533119186826
improved,1.5,22,12008,64370,0.42228076270346077,0.95,0.00399216259830718,1.3929897873440709,0.15384615384615383,0.4130862046840647,0.5688615099765333
original,1.5,23,12008,117328,0.05817640770030149,0.975,0.003504737614919601,1.7701151876583372,0.46153846153846145,0.5076238417301947,0.39540577879710176
improved,1.5,23,12008,62996,0.4156583954847155,0.9416666666666667,0.0038365658075463745,1.3222281716033129,0.23076923076923073,0.42839130803058134,0.6488126604194342
original,1.5,24,12008,116801,0.055390410543459424,0.9583333333333334,0.003401014421378942,1.9256572133735748,0.46153846153846145,0.5132835294081333,0.41556363803225543
improved,1.5,24,12008,60677,0.40838012744699786,0.9583333333333334,0.0034425869227862004,1.2941388710622563,0.07692307692307691,0.4248449825149217,0.7057124259185041
original,1.5,25,12008,117173,0.059209507885826025,0.9583333333333334,0.0035995947696770853,1.7744055327226689,0.5384615384615384,0.5127065687618281,0.40223628317082255
improved,1.5,25,12008,62917,0.4129988619017467,0.9583333333333334,0.003705991489032293,1.3093272912460932,0.15384615384615383,0.43507317869074563,0.6607211890933204
original,1.5,26,12008,117057,0.055716750119978814,0.9416666666666667,0.0032322875950072873,1.663005266134841,0.46153846153846145,0.48568667827059697,0.38289492472516434
improved,1.5,26,12008,62042,0.4137793072789008,0.9333333333333333,0.003551072216005466,1.3252105358656376,0.15384615384615383,0.40118864491926165,0.5982849711856222
original,1.5,27,12008,117149,0.05635911645149306,0.95,0.0026797218631116047,2.105084620698543,0.46153846153846145,0.41858205859702324,0.391779206197008
improved,1.5,27,12008,55439,0.41152625351807454,0.95,0.0026938703930709097,1.3706735134500032,0.07692307692307691,0.3027564931533102,0.6079823125166626
original,1.5,28,12008,116691,0.057066936752999925,0.9333333333333333,0.0034433678120154593,1.6099655030815598,0.46153846153846145,0.4620421771633839,0.3463926855847383
improved,1.5,28,12008,65329,0.4124188552779934,0.9666666666666667,0.003677948767179536,1.2503558457442865,0.0,0.3795829845688888,0.48331553147294143
original,1.5,29,12008,117655,0.05511180224989671,0.9666666666666667,0.0036225183192479292,1.5449465073967963,0.46153846153846145,0.49615564977942794,0.3817246173866048
improved,1.5,29,12008,64504,0.41467755057811084,0.9583333333333334,0.003570482618390425,1.2842760092619454,0.07692307692307691,0.4150800314217483,0.5709264291681605
original,1.5,30,12008,117682,0.0635509792604611,0.9583333333333334,0.003872088524293237,1.4618233824651854,0.46153846153846145,0.5148423926115466,0.36979343959838906
improved,1.5,30,12008,66700,0.4145606236972865,0.9583333333333334,0.004037337951161613,1.3258585866126231,0.23076923076923073,0.4463923710140316,0.571331555033521
original,1.5,31,12008,117884,0.05789472292403573,0.9333333333333333,0.003817829462425812,1.758556268683917,0.46153846153846145,0.5295987890120001,0.3939720542048529
improved,1.5,31,12008,64386,0.4103317181908162,0.95,0.0041414233809438416,1.3460841478836632,0.23076923076923073,0.45847775057638185,0.6626727921376975
original,1.5,32,12008,116736,0.06503950324691345,0.925,0.004103576642539251,1.5577742915024007,0.46153846153846145,0.5517299957013816,0.4027166081595639
improved,1.5,32,12008,65705,0.4095312320124231,0.9583333333333334,0.004291936093019768,1.2502118632942645,0.23076923076923073,0.4847847106221839,0.6892935368114036
original,1.5,33,12008,117170,0.05888073355456527,0.9416666666666667,0.004009802785179543,1.6059584588645355,0.46153846153846145,0.5413603077454542,0.4230008721495483
improved,1.5,33,12008,63023,0.41189755096009323,0.95,0.0038638089473149563,1.3272303168539494,0.15384615384615383,0.4627548832194581,0.7181750652045396
original,1.5,34,12008,117090,0.06200561546746281,0.95,0.0035284532985441373,1.4801569431868833,0.46153846153846145,0.5525034993499848,0.40549400685267684
improved,1.5,34,12008,66263,0.4114024593046188,0.9583333333333334,0.003584689225622642,1.3284152895371921,0.07692307692307691,0.4852025699067674,0.654132948196742
original,1.5,35,12008,117376,0.0617808586764741,0.9416666666666667,0.003648044999780715,1.6520571320970132,0.46153846153846145,0.5330334547287584,0.39448999037435273
improved,1.5,35,12008,67099,0.4074559432699712,0.9583333333333334,0.003843868380036408,1.2336687727805944,0.07692307692307691,0.4721982616951521,0.5845167423818923
original,1.5,36,12008,117202,0.05208841242351671,0.9416666666666667,0.0027889947915588115,2.0374482760025536,0.5384615384615384,0.434082763854767,0.40684289365048465
improved,1.5,36,12008,55820,0.4183041019319152,0.95,0.0025700267354860484,1.4436949789091187,0.23076923076923073,0.30985709894292424,0.6268301479147789
original,1.5,37,12008,117257,0.06157710783638541,0.95,0.0028508114927408086,1.5993435864481957,0.46153846153846145,0.45029201465798113,0.3558548981791635
improved,1.5,37,12008,64511,0.41421328346605857,0.95,0.0028933765840009696,1.2582077419035638,0.0,0.36708865124395534,0.44866821483220404
original,1.5,38,12008,117249,0.06336630340091794,0.95,0.003859836257373493,1.5442692740940318,0.46153846153846145,0.5552553445624464,0.40388346904338773
improved,1.5,38,12008,65883,0.41297837651695785,0.925,0.0038902236733641088,1.2400369809154412,0.0,0.48926100648538656,0.6546716180651712
original,1.5,39,12008,117210,0.05395950760961987,0.95,0.0033288275218148968,1.7757684175746435,0.46153846153846145,0.46495066094824183,0.3712254166080287
improved,1.5,39,12008,63519,0.4143944038956078,0.95,0.0034345901737390058,1.2862173572500397,0.0,0.38175837103182464,0.5313261093044422
original,1.5,40,12008,117808,0.060761740929753096,0.9416666666666667,0.0038600613870021457,1.56664829483857,0.3846153846153846,0.5449321060978775,0.3948751478299633
improved,1.5,40,12008,66449,0.4177856748010591,0.95,0.003788426263305327,1.3568634512922215,0.0,0.46982538770922494,0.6284921445515547
original,1.5,41,12008,117250,0.06597742981449013,0.9583333333333334,0.004488697549953837,1.501941056160375,0.46153846153846145,0.60358295603946,0.42069042775152465
improved,1.5,41,12008,68454,0.4129381028057391,0.9333333333333333,0.004429503711464377,1.32532664929986,0.15384615384615383,0.5447925730143297,0.7469809036821887
original,1.5,42,12008,117261,0.0613718852237861,0.9416666666666667,0.0038829698891579257,1.682999310893362,0.46153846153846145,0.5324491476698112,0.3883418747722302
improved,1.5,42,12008,65902,0.41574460693518445,0.9583333333333334,0.004006609451098118,1.3435471804254513,0.0,0.46680771494962026,0.6363415979764938
original,1.5,43,12008,117556,0.05464195833267052,0.9583333333333334,0.0024148092154021375,2.0276914418167165,0.46153846153846145,0.41052316033436287,0.3900696298392157
improved,1.5,43,12008,56013,0.41289675936403947,0.975,0.0025921441920924364,1.4249737923152221,0.15384615384615383,0.2956187826442493,0.5886425659443011
original,1.5,44,12008,117979,0.054720242322756844,0.925,0.003067894611040378,1.9118100242298741,0.46153846153846145,0.435483683020986,0.3915942049334316
improved,1.5,44,12008,59365,0.41167469790923544,0.9416666666666667,0.0026618503849069543,1.3480094049794145,0.23076923076923073,0.32860721949831145,0.5479444927815843
original,1.5,45,12008,117332,0.05902822400219967,0.9416666666666667,0.004357368095512081,1.6254315288347132,0.46153846153846145,0.5616017290181095,0.4070826064844294
improved,1.5,45,12008,65595,0.41388209614783106,0.9583333333333334,0.004610504751539945,1.3558746516121278,0.07692307692307691,0.4930528731581479,0.6806644047411656
original,1.5,46,12008,117352,0.06162582248460443,0.9666666666666667,0.003246315729185078,1.7409973073556047,0.46153846153846145,0.47585124823133207,0.3814490562998679
improved,1.5,46,12008,62208,0.41788763653699573,0.9333333333333333,0.003257923958038186,1.3617064207898295,0.07692307692307691,0.38592621296586943,0.5887967169441976
original,1.5,47,12008,117093,0.06002645057410964,0.95,0.004216447766099612,1.7975395405560406,0.46153846153846145,0.5479596928427934,0.41605097689133075
improved,1.5,47,12008,64358,0.4066086368105762,0.95,0.0038690095518888186,1.2647911335576387,0.07692307692307691,0.47812217116639244,0.7043375181685853
original,1.5,48,12008,117732,0.05882547435199569,0.9583333333333334,0.003373083086229697,1.9950766980052,0.46153846153846145,0.5042832800415661,0.4131298834347337
improved,1.5,48,12008,60148,0.4132696692669133,0.9583333333333334,0.0030783192296567593,1.4085448455608462,0.15384615384615383,0.41539346537195704,0.6939104419922821
original,1.5,49,12008,118032,0.060452596463104386,0.9416666666666667,0.004095508830330905,1.5930590628525372,0.46153846153846145,0.5595920470489227,0.40458864321479704
improved,1.5,49,12008,66813,0.41389816838396915,0.95,0.0040647612043549376,1.255089277741893,0.0,0.49157891763306427,0.671268147824383
original,2.0,0,12008,116421,0.06518632280890145,0.9583333333333334,0.003927474520065854,1.066513825533742,0.46153846153846145,0.586915346434805,0.38282797674202523
improved,2.0,0,12008,75586,0.3979781185599795,0.9333333333333333,0.0044803376742152045,1.059441728649712,0.0,0.544863318456393,0.5165462440857992
original,2.0,1,12008,116489,0.07183162054274285,0.9583333333333334,0.004102942180371971,0.8441082853247057,0.3846153846153846,0.5991920714557524,0.36122408533246125
improved,2.0,1,12008,78848,0.40283750907485716,0.925,0.004689337293635832,0.9982781462996573,0.0,0.5624708506380431,0.4619996127281138
original,2.0,2,12008,116377,0.06490021047123205,0.9583333333333334,0.00337373462892714,0.9469515645438121,0.3846153846153846,0.5127988720620653,0.31614219558838513
improved,2.0,2,12008,74374,0.40553933129411274,0.9583333333333334,0.0031841445591736807,1.0910040765765552,0.07692307692307691,0.45722854020698056,0.34023948515015706
original,2.0,3,12008,116971,0.06952482512859179,0.9583333333333334,0.004527456859820097,0.9022307669773592,0.30769230769230765,0.6164614695303856,0.3616662141967512
improved,2.0,3,12008,81338,0.39786237523568385,0.9666666666666667,0.004638083098681376,0.9687109650511093,0.07692307692307691,0.5852543523804267,0.4649480445983245
original,2.0,4,12008,115602,0.07322556480964633,0.9416666666666667,0.003679964348469189,0.8019543776343766,0.3846153846153846,0.5680514022233605,0.3241186023467573
improved,2.0,4,12008,80057,0.4001718071573947,0.9666666666666667,0.004109037322907248,0.9786090141156846,0.07692307692307691,0.5275486628616154,0.381024585039307
original,2.0,5,12008,116528,0.06591650550036132,0.95,0.003856698628878549,0.9830088192173687,0.3846153846153846,0.6016790160783341,0.3751381765580186
improved,2.0,5,12008,76976,0.39960249346955207,0.9583333333333334,0.004180433953882615,1.0075144323270477,0.07692307692307691,0.5571211758783962,0.48530073005861507
original,2.0,6,12008,116361,0.07169421658093933,0.95,0.004043603371805813,1.0142310544128565,0.3846153846153846,0.5835819368162468,0.37551278219244627
improved,2.0,6,12008,73878,0.41321603145874863,0.95,0.004593162818552599,1.1174749617986923,0.07692307692307691,0.5326348873030783,0.540933754913508
original,2.0,7,12008,116256,0.06782479017790957,0.9583333333333334,0.004483727541694179,0.9172792130910343,0.3846153846153846,0.5918361823604286,0.3782037503840751
improved,2.0,7,12008,75789,0.41124930018815303,0.9583333333333334,0.004517281190616384,1.0872360005713808,0.07692307692307691,0.5514586194688261,0.5355363848710706
original,2.0,8,12008,116159,0.07818485363569128,0.95,0.004140088373364143,0.8720354132863087,0.3846153846153846,0.5698808167837057,0.32023588558986554
improved,2.0,8,12008,80798,0.4017388177147253,0.9583333333333334,0.004244847697224469,0.9708431437699845,0.0,0.5343380169694001,0.38509576534159357
original,2.0,9,12008,116516,0.07018890915779066,0.9583333333333334,0.004043026765992899,0.9361626294730985,0.3846153846153846,0.6024392045698479,0.3642036830706029
improved,2.0,9,12008,80506,0.39343631598382484,0.95,0.004405479502796319,0.9519218097853739,0.07692307692307691,0.5669794226559077,0.45312012559811854
original,2.0,10,12008,116259,0.07221574082301471,0.9583333333333334,0.0038750927759528377,0.9228096102022891,0.3846153846153846,0.5786159757342804,0.3285354304019467
improved,2.0,10,12008,79652,0.39792113639307064,0.9666666666666667,0.0040562398215203705,0.9620562392208487,0.23076923076923073,0.5386303967156868,0.3822547990533195
