eps,convert_ratio,oversample,exper,nmi,evc_overlap,evc_MAE,deg_kl,diam_rel,cc_rel,mod_rel
0.5,1.0,1.0,0.0,0.0992092604762719,0.045454545454545456,0.03474782103225314,3.7148321065880174,0.0909090909090909,0.5473890827397604,0.19896174713320836
0.5,1.0,1.0,1.0,0.10694268789055514,0.22727272727272727,0.02330780430134537,3.2904348282614118,0.2727272727272727,0.5477770952279647,0.17527215561034018
0.5,1.0,1.0,2.0,0.0942217381861068,0.09090909090909091,0.035308056761668316,3.619969809647537,0.0,0.5945919256556258,0.1811494667200229
0.5,1.0,1.0,3.0,0.09585293339590797,0.18181818181818182,0.01534161948376288,3.5453092040784284,0.1818181818181818,0.5475731746152454,0.17974312189605296
0.5,1.0,1.0,4.0,0.10611044903842111,0.13636363636363635,0.016405478954745405,3.370197371074177,0.1818181818181818,0.5333074684075558,0.17047557020856988
0.5,1.0,1.0,5.0,0.10003967090011347,0.3181818181818182,0.04960117963536675,4.072732313146253,0.4545454545454545,0.5661954041603388,0.19992919141753931
0.5,1.0,1.0,6.0,0.10643858970812707,0.13636363636363635,0.034162687762870854,3.4918151572583733,0.3636363636363636,0.5677085290398796,0.18639642858728875
0.5,1.0,1.0,7.0,0.12358048698588457,0.18181818181818182,0.030642187153713488,3.1075943840942406,0.0,0.5345680125268956,0.12848704217468182
0.5,1.0,1.0,8.0,0.10180480044934365,0.18181818181818182,0.012920226791339457,3.5336869916600353,0.0909090909090909,0.5612527831056142,0.1871050241395911
0.5,1.0,1.0,9.0,0.09208601989413888,0.09090909090909091,0.014137236363528342,3.9987450992133953,0.0909090909090909,0.5591755327258277,0.2300534192812181
0.5,1.0,1.1,0.0,0.09125799563943673,0.18181818181818182,0.026323698244863736,3.865330325342269,0.3636363636363636,0.5569636138848618,0.20554813002049696
0.5,1.0,1.1,1.0,0.13436565947046875,0.13636363636363635,0.016763085729695624,3.1718044843798756,0.0909090909090909,0.5733504627120808,0.11525318773686641
0.5,1.0,1.1,2.0,0.09310466212492297,0.18181818181818182,0.027518486499491072,3.6034763803773986,0.4545454545454545,0.5461200310489376,0.19366222156768534
0.5,1.0,1.1,3.0,0.08512836382497166,0.09090909090909091,0.015034054385271813,3.9076700882937847,0.3636363636363636,0.5429191730597299,0.21852477416338745
0.5,1.0,1.1,4.0,0.10353643867237038,0.09090909090909091,0.02132817884741691,3.604333257762742,0.4545454545454545,0.5818879497719386,0.19548172074343165
0.5,1.0,1.1,5.0,0.13740686864014165,0.13636363636363635,0.02571538835231378,3.423201948252897,0.1818181818181818,0.5550633401408541,0.1566618959824457
0.5,1.0,1.1,6.0,0.09520690640002338,0.09090909090909091,0.012870927109787074,3.074945163911581,0.1818181818181818,0.5347733685500969,0.16639452995404097
0.5,1.0,1.1,7.0,0.08839003577511367,0.13636363636363635,0.012241555276133407,3.3294408589862323,0.3636363636363636,0.5529379519378753,0.19718833583913314
0.5,1.0,1.1,8.0,0.10146059206992057,0.18181818181818182,0.04340230957654814,3.5485751582178064,0.3636363636363636,0.5806066982362428,0.18122035423560484
0.5,1.0,1.1,9.0,0.09638519863121922,0.045454545454545456,0.008599113382775851,3.715029499804131,0.3636363636363636,0.5842747806845022,0.20629380772749065
0.5,1.0,1.2,0.0,0.10382673230742151,0.2727272727272727,0.03782172204952489,3.3952617180567812,0.3636363636363636,0.5716461358957354,0.18564849817946855
0.5,1.0,1.2,1.0,0.09232290430119659,0.045454545454545456,0.016461422895755442,3.181364543206575,0.3636363636363636,0.5719305177088159,0.17929933586052338
0.5,1.0,1.2,2.0,0.08076289575722773,0.045454545454545456,0.011453888643356712,3.5171267397184414,0.4545454545454545,0.5407494443138897,0.21158251910067957
0.5,1.0,1.2,3.0,0.10208361460492768,0.09090909090909091,0.01735831746478068,3.6482141910927566,0.2727272727272727,0.608243281479274,0.1757925706894414
0.5,1.0,1.2,4.0,0.10541215712040747,0.13636363636363635,0.020979831500852825,3.6132075084585074,0.1818181818181818,0.5498004915413353,0.19528259968911527
0.5,1.0,1.2,5.0,0.09777849438544703,0.045454545454545456,0.022061780218688813,3.642330145876706,0.4545454545454545,0.5817732596216898,0.17831458329581806
0.5,1.0,1.2,6.0,0.08781746857229354,0.09090909090909091,0.03215096037432953,3.3405928933414617,0.3636363636363636,0.5687345336656711,0.21421184130721727
0.5,1.0,1.2,7.0,0.10228141511452359,0.045454545454545456,0.009929732534070727,4.0945027274635795,0.3636363636363636,0.600151143035183,0.21647839257659313
0.5,1.0,1.2,8.0,0.11357096534926259,0.045454545454545456,0.020474136786706065,3.137278567751858,0.2727272727272727,0.5547278225292479,0.1309823046158434
0.5,1.0,1.2,9.0,0.10882499809833675,0.0,0.019511369365290434,3.6743468791070995,0.3636363636363636,0.5907823921699608,0.1725147586367932
0.5,1.0,1.3,0.0,0.09923299995750769,0.045454545454545456,0.015242218168164444,3.474876910271731,0.5454545454545454,0.5877585549731758,0.172255289359355
0.5,1.0,1.3,1.0,0.09521872880025126,0.09090909090909091,0.01250981465199501,3.064475526465486,0.4545454545454545,0.5746500802114978,0.1807453741389889
0.5,1.0,1.3,2.0,0.11134039491445094,0.0,0.024219527556681,3.2557310216366337,0.5454545454545454,0.5294674340771308,0.1864056741711767
0.5,1.0,1.3,3.0,0.11184167150763197,0.13636363636363635,0.018464997466904828,3.1211633631165774,0.1818181818181818,0.5736526009796522,0.12785844166359
0.5,1.0,1.3,4.0,0.11635712727759073,0.0,0.019038660326824018,3.412713942707545,0.3636363636363636,0.5787229806696365,0.1700615298262816
0.5,1.0,1.3,5.0,0.09759752011060219,0.3181818181818182,0.0073060207946115665,3.082046929065187,0.2727272727272727,0.516289944127193,0.17287984602471498
0.5,1.0,1.3,6.0,0.10103212802703389,0.18181818181818182,0.010411069504199962,3.405559502547578,0.4545454545454545,0.5957287098516066,0.16299962515316643
0.5,1.0,1.3,7.0,0.09075683263324603,0.2727272727272727,0.007607469558618004,3.2168229582183523,0.0909090909090909,0.5570300210992196,0.17146237222301589
0.5,1.0,1.3,8.0,0.07305928852170801,0.045454545454545456,0.011350076370461261,3.7351346516175576,0.4545454545454545,0.5722100995994954,0.22059256977760006
0.5,1.0,1.3,9.0,0.09099712080474986,0.045454545454545456,0.016966501362670226,3.252791015445406,0.4545454545454545,0.5798401712373531,0.19242627374984103
1.0,1.0,1.0,0.0,0.12612533731508838,0.8181818181818182,0.0018037432089349605,1.485390372329833,0.2727272727272727,0.17305380252751784,0.11266084094280564
1.0,1.0,1.0,1.0,0.1440650727016559,0.5909090909090909,0.0036578274024937477,2.4379494672143447,0.1818181818181818,0.025005131809177447,0.08645967999797063
1.0,1.0,1.0,2.0,0.1258835639436602,0.6818181818181818,0.0014085547294179427,1.6006004464077876,0.0909090909090909,0.014659034410204679,0.17915823226445918
1.0,1.0,1.0,3.0,0.1735318114784814,0.7727272727272727,0.004008660976190317,1.3061870161934248,0.0,0.22086399327250628,0.019811649994001833
1.0,1.0,1.0,4.0,0.14814955115527087,0.7727272727272727,0.0017102871686372402,1.6782683310824509,0.3636363636363636,0.13868247420903032,0.1585400889770926
1.0,1.0,1.0,5.0,0.09892331064700746,0.5,0.036416893963837814,2.984492813526903,0.1818181818181818,0.3553016424332272,0.20788556106962985
1.0,1.0,1.0,6.0,0.15509383597749804,0.7272727272727273,0.0014913057093869737,1.623334365451493,0.1818181818181818,0.19088101809364344,0.003602043538883652
1.0,1.0,1.0,7.0,0.12074369679357196,0.6363636363636364,0.01409285884588274,2.0532020576506462,0.1818181818181818,0.06227054720994574,0.09774000674063799
1.0,1.0,1.0,8.0,0.09703019079390328,0.5,0.020076920133414996,2.209496118686726,0.3636363636363636,0.3259137061120786,0.057467756027446096
1.0,1.0,1.0,9.0,0.14308175859649294,0.8181818181818182,0.002372009142517367,1.4271480589956314,0.3636363636363636,0.22146437222711532,0.03847502390513576
1.0,1.0,1.1,0.0,0.1402795089768231,0.8181818181818182,0.007104055359742042,1.5518192224333944,0.0909090909090909,0.10210097060694474,0.10747190072818762
1.0,1.0,1.1,1.0,0.10662405811576676,0.6818181818181818,0.00747598387487609,1.7765157168605823,0.3636363636363636,0.12945519699825253,0.0037727896884401616
1.0,1.0,1.1,2.0,0.13856364582330627,0.5909090909090909,0.0011356470886720775,1.3606377648531782,0.5454545454545454,0.15329743704815724,0.05689907747676333
1.0,1.0,1.1,3.0,0.11254915794418562,0.0,0.015778449966817727,2.0392247318367596,0.0909090909090909,0.1539463513659679,0.11536839197457059
1.0,1.0,1.1,4.0,0.13696596477977577,0.7727272727272727,0.0021866213434179748,1.6589904708559802,0.3636363636363636,0.23078605754982082,0.06511512787421421
1.0,1.0,1.1,5.0,0.1289108282200182,0.6818181818181818,0.006183264541943312,1.6543432497727735,0.0909090909090909,0.15644120049067115,0.030273650619648755
1.0,1.0,1.1,6.0,0.09547308752165254,0.4090909090909091,0.05320476741540851,3.3606692303402554,0.4545454545454545,0.562999662302319,0.21043794798369836
1.0,1.0,1.1,7.0,0.14666246394953522,0.6363636363636364,0.0016892547585245664,1.7159807241847194,0.0,0.030332096429465553,0.163458185831585
1.0,1.0,1.1,8.0,0.1259144921375246,0.8181818181818182,0.005496044645948721,1.6921736272151287,0.5454545454545454,0.23160160464068816,0.12472446574160442
1.0,1.0,1.1,9.0,0.16986031846544888,0.6818181818181818,0.001195334701103805,1.5841346492779027,0.0,0.031903385007015776,0.3264594894627683
1.0,1.0,1.2,0.0,0.08217586469189227,0.0,0.030198577732583044,2.6763959242878315,0.4545454545454545,0.4070487058677492,0.17633316017457515
1.0,1.0,1.2,1.0,0.15075720810138873,0.6818181818181818,0.0022031899287268345,1.5181682299532002,0.5454545454545454,0.2903523734871449,0.014108314862177354
1.0,1.0,1.2,2.0,0.16581121034485707,0.7727272727272727,0.0020591952190851174,1.0997287534199673,0.0909090909090909,0.15917401706153994,0.04816723248955372
1.0,1.0,1.2,3.0,0.10856212557598766,0.7727272727272727,0.017740944597760638,2.267372244756394,0.4545454545454545,0.21085290779302554,0.12582627811425037
1.0,1.0,1.2,4.0,0.14777659353650524,0.8181818181818182,0.0035426434281732176,1.8081078726569868,0.4545454545454545,0.03007101516016941,0.046439014905662386
1.0,1.0,1.2,5.0,0.14969372349926025,0.5454545454545454,0.0037872761969191255,1.814260929887317,0.4545454545454545,0.2539640402936036,0.09106858552110939
1.0,1.0,1.2,6.0,0.10701073187978286,0.5909090909090909,0.008015637548159092,1.6650000712854034,0.3636363636363636,0.018631391831301997,0.048718326251739774
1.0,1.0,1.2,7.0,0.1385184109737039,0.8181818181818182,0.002728533048087943,1.5987545906162226,0.1818181818181818,0.06449442535304306,0.05036661010270279
1.0,1.0,1.2,8.0,0.12279075396049872,0.6363636363636364,0.0025284650321902623,1.5849026026635027,0.0909090909090909,0.16927561319660445,0.0006520577968908624
1.0,1.0,1.2,9.0,0.119442514577826,0.5909090909090909,0.011350716009279048,1.7922785800100782,0.4545454545454545,0.13825953087641657,0.08146342324519347
1.0,1.0,1.3,0.0,0.11091919357044944,0.0,0.012626243992976354,1.9367692879938647,0.3636363636363636,0.17632037761980637,0.11449258059774599
1.0,1.0,1.3,1.0,0.09219754077965422,0.45454545454545453,0.024516687129012858,2.950667406374332,0.5454545454545454,0.2678477712949792,0.2155268733123082
1.0,1.0,1.3,2.0,0.13891549511938506,0.7727272727272727,0.004803002240795223,1.7848297450684294,0.2727272727272727,0.048549963742309854,0.00017411175968479222
1.0,1.0,1.3,3.0,0.10057242617373605,0.6363636363636364,0.013396147183006961,2.449918005159118,0.0909090909090909,0.5136712479815243,0.08735105956099798
1.0,1.0,1.3,4.0,0.09550212625699311,0.8181818181818182,0.015293297634381786,2.4253859994631997,0.4545454545454545,0.1234253839435964,0.1653439640762197
1.0,1.0,1.3,5.0,0.12146114723048562,0.5909090909090909,0.014718880561965075,1.8365715131444986,0.1818181818181818,0.25127144906971194,0.06901691804334899
1.0,1.0,1.3,6.0,0.09247968492455849,0.0,0.009461566683900823,2.8733437058894706,0.3636363636363636,0.5107765683709216,0.19960784543570673
1.0,1.0,1.3,7.0,0.1424672999840003,0.7272727272727273,0.005989444140215539,1.7411983063807472,0.4545454545454545,0.0792948410443662,0.07063410772779703
1.0,1.0,1.3,8.0,0.12123521531513733,0.8636363636363636,0.014724817886388757,2.1574297993167812,0.5454545454545454,0.13594783903922308,0.05311663836457859
1.0,1.0,1.3,9.0,0.1031616413346623,0.8636363636363636,0.001994058174801839,1.6103499606118028,0.3636363636363636,0.09153269834541211,0.005911547404595442
1.5,1.0,1.0,0.0,0.15433338563300214,0.6818181818181818,0.0017416055316216547,1.3253961012629545,0.4545454545454545,0.39683728078907954,0.015606613794787238
1.5,1.0,1.0,1.0,0.17596358306221768,0.8181818181818182,0.0011738687559927719,1.3388232769963218,0.4545454545454545,0.18839996381426738,0.1358679481619048
1.5,1.0,1.0,2.0,0.19224663387698612,0.8636363636363636,0.008295183994931768,1.2870208205304552,0.0909090909090909,0.08843727153615824,0.31667106008499374
1.5,1.0,1.0,3.0,0.1797148357176218,0.8636363636363636,0.000642888991360216,0.8972299095630196,0.4545454545454545,0.11172924172338906,0.14904929242547385
1.5,1.0,1.0,4.0,0.1507456880564665,0.8181818181818182,0.013595573567096647,1.52562099672725,0.0,0.09631033436329747,0.11714792255518562
1.5,1.0,1.0,5.0,0.16983330890090695,0.7272727272727273,0.0012138118723431317,1.6368596282717207,0.1818181818181818,0.08871293336010505,0.23155784911366709
1.5,1.0,1.0,6.0,0.1514960346231878,0.8636363636363636,0.0018168901532243987,1.118427528396086,0.5454545454545454,0.21435447546438405,0.02827270025797664
1.5,1.0,1.0,7.0,0.16637928702952443,0.8181818181818182,0.0010135909645580684,1.0580303084331069,0.4545454545454545,0.22542952110645031,0.02127803511251501
1.5,1.0,1.0,8.0,0.19468465096543836,0.8181818181818182,0.001611252915183345,1.532229255743621,0.2727272727272727,0.32330208709731156,0.01557841549381805
1.5,1.0,1.0,9.0,0.15384857257065623,0.7272727272727273,0.0049077269681945665,1.1942803459321447,0.3636363636363636,0.15745400525888725,0.03740652217298908
1.5,1.0,1.1,0.0,0.1499350003128548,0.7727272727272727,0.0018605456114242907,1.2382622997949726,0.1818181818181818,0.10631382950372477,0.10073690811891718
1.5,1.0,1.1,1.0,0.1803316215229492,0.7727272727272727,0.0014581948914272633,1.721238539215621,0.1818181818181818,0.2142171872756079,0.032342639703349906
1.5,1.0,1.1,2.0,0.19758309965988355,0.7272727272727273,0.008623506257203761,1.1755481595474806,0.7272727272727272,0.36448797792935267,0.5426826243653456
1.5,1.0,1.1,3.0,0.19135993652755975,0.8181818181818182,0.0010097942551404436,1.5114518592346537,0.2727272727272727,0.2339811399109465,0.10934597697942798
1.5,1.0,1.1,4.0,0.18875004798140496,0.7272727272727273,0.001730579178015628,1.4028346690461564,0.1818181818181818,0.08803948125488464,0.176903308402227
1.5,1.0,1.1,5.0,0.1721957412022325,0.7272727272727273,0.0014504158521535804,1.4660017571809891,0.0909090909090909,0.11742881348421601,0.1591439774893994
1.5,1.0,1.1,6.0,0.14502141829846013,0.7727272727272727,0.0036753527296558355,1.2124099597880025,0.5454545454545454,0.004281215591829745,0.09050803300225574
1.5,1.0,1.1,7.0,0.16241050035898968,0.8181818181818182,0.007818852110323859,1.1152780977719967,0.0909090909090909,0.07865788103563888,0.22702710913936214
1.5,1.0,1.1,8.0,0.2100535008824933,0.7272727272727273,0.0010459553658831563,1.003738979400481,0.3636363636363636,0.07749763952866773,0.26455575844432067
1.5,1.0,1.1,9.0,0.17050847544546605,0.8636363636363636,0.0010028586072313508,1.4189821824018414,0.1818181818181818,0.2220937426811514,0.0500379204795025
1.5,1.0,1.2,0.0,0.18659442788590225,0.9090909090909091,0.001444478314964985,1.4059365921020233,0.0,0.19949242387432892,0.05834912910613839
1.5,1.0,1.2,1.0,0.16290007958854766,0.8181818181818182,0.001458534542647097,1.1748382061422258,0.2727272727272727,0.10798735673718228,0.17682663263977247
1.5,1.0,1.2,2.0,0.17378022446531413,0.7727272727272727,0.00120973742963875,0.9999651938508191,0.1818181818181818,0.018596994467479352,0.3188325735499814
1.5,1.0,1.2,3.0,0.14472768986110823,0.9545454545454546,0.0016966769321481924,1.5095362379238706,0.2727272727272727,0.02838678685789747,0.07884057892101651
1.5,1.0,1.2,4.0,0.15267585669207354,0.7727272727272727,0.0016268130262991779,1.2202821073302292,0.2727272727272727,0.201407153219425,0.053862725039512435
1.5,1.0,1.2,5.0,0.1423209206671098,0.5909090909090909,0.009148463356149283,1.50348804849457,0.2727272727272727,0.13934050675720977,0.03584471740099772
1.5,1.0,1.2,6.0,0.20243469619881974,0.8181818181818182,0.0011775725874882024,1.7741958136691172,0.4545454545454545,0.10630892637082552,0.1240434673597293
1.5,1.0,1.2,7.0,0.18874574223880655,0.8636363636363636,0.0022512011461038265,1.2502218294738383,0.3636363636363636,0.07656088501840362,0.09672788956610569
1.5,1.0,1.2,8.0,0.12393269694682976,0.7727272727272727,0.002199302654746585,1.2931691985074598,0.4545454545454545,0.12872993951059739,0.0023045438153423657
1.5,1.0,1.2,9.0,0.16945835193146871,0.7272727272727273,0.0012491669662929722,1.0900038966721595,0.3636363636363636,0.19934802653993924,0.020618880132953498
1.5,1.0,1.3,0.0,0.1699926298466157,0.7272727272727273,0.0014965542983609215,1.2371003113861518,0.3636363636363636,0.2370590139343643,0.026801092624021982
1.5,1.0,1.3,1.0,0.15587542190882772,0.5909090909090909,0.005945513683240033,1.5276715502583111,0.2727272727272727,0.17640932032504308,0.0451613063088089
1.5,1.0,1.3,2.0,0.13559744235605561,0.0,0.017081460550243552,2.2445141703029665,0.4545454545454545,0.06287688046350967,0.08596915440005104
1.5,1.0,1.3,3.0,0.15048939978068387,0.7727272727272727,0.001814428438515817,1.2431719190191552,0.4545454545454545,0.16242959935272017,0.08558637609460736
1.5,1.0,1.3,4.0,0.15725639370532218,0.8181818181818182,0.0013770381849587253,1.1603520190329295,0.2727272727272727,0.030606372174758197,0.1943950986994254
1.5,1.0,1.3,5.0,0.1897166459441162,0.9545454545454546,0.0009726105102987281,1.4237016303660024,0.3636363636363636,0.11147795734015493,0.10601975915380846
1.5,1.0,1.3,6.0,0.16098333566421147,0.7727272727272727,0.0013258356771755316,1.6255675645612153,0.0,0.03302642046697037,0.08049012444795961
1.5,1.0,1.3,7.0,0.22941740179744113,0.8636363636363636,0.0017124333015640673,1.0018183035972807,0.5454545454545454,0.10068846928736053,0.04598259341850354
1.5,1.0,1.3,8.0,0.14614098811544968,0.6818181818181818,0.004034061524216175,1.409051407639354,0.4545454545454545,0.1570068795631881,0.026708756596963073
1.5,1.0,1.3,9.0,0.17070752733341513,0.7272727272727273,0.0010312045089666967,0.8943047820269217,0.2727272727272727,0.03056106635593339,0.23424416923923877
2.0,1.0,1.0,0.0,0.17862700028900516,0.7272727272727273,0.0014270287965534002,1.1733264836510604,0.0909090909090909,0.30124715993180295,0.00831604460213155
2.0,1.0,1.0,1.0,0.1460822445307607,0.7272727272727273,0.0015098634861861646,1.0419544139045562,0.5454545454545454,0.12480544993380806,0.03844988909541118
2.0,1.0,1.0,2.0,0.21039294188669222,0.8181818181818182,0.003872575507263791,1.07726292786325,0.3636363636363636,0.19286189585624636,0.27806188081655914
2.0,1.0,1.0,3.0,0.19173088763970447,0.8181818181818182,0.0010922708078948224,1.0440933395237266,0.4545454545454545,0.10674346102915022,0.08030223086465453
2.0,1.0,1.0,4.0,0.20830688020499707,0.7727272727272727,0.0014762797019427169,1.2899533285667513,0.3636363636363636,0.2556152143776721,0.005415612466326934
2.0,1.0,1.0,5.0,0.16483533504766817,0.9090909090909091,0.004109776420273044,1.282221914342587,0.1818181818181818,0.03744089713758935,0.13709935665479933
2.0,1.0,1.0,6.0,0.18494866635563117,0.8181818181818182,0.0011385072004013693,1.0975788275579852,0.3636363636363636,0.20432075839576289,0.05847758817065352
2.0,1.0,1.0,7.0,0.20574611442025392,0.8181818181818182,0.001429837525724618,1.2605702402535441,0.2727272727272727,0.020080460163216816,0.17563000010447988
2.0,1.0,1.0,8.0,0.1609151289431694,0.8181818181818182,0.0011254870268721429,1.0780546847572663,0.2727272727272727,0.1671527070679155,0.11767238307729974
2.0,1.0,1.0,9.0,0.1702391267289366,0.8636363636363636,0.0025137520763084437,1.6117355450005215,0.3636363636363636,0.08188477162645605,0.08906155230216134
2.0,1.0,1.1,0.0,0.1524650588911403,0.7727272727272727,0.0038319016041208696,1.1585752798586246,0.4545454545454545,0.006621343113470826,0.1300257026410827
2.0,1.0,1.1,1.0,0.19868186304791877,0.7727272727272727,0.002989516390805361,1.2656234645293978,0.2727272727272727,0.08573228068646672,0.2481542360481967
2.0,1.0,1.1,2.0,0.1878194904428468,0.8181818181818182,0.0023317339395945856,1.2848243541363664,0.4545454545454545,0.16019508486607867,0.014135948175948092
2.0,1.0,1.1,3.0,0.17400550168655565,0.8636363636363636,0.0016582798705064364,1.4644973680115352,0.4545454545454545,0.1787857349313709,0.03234645553034862
2.0,1.0,1.1,4.0,0.19262338840067983,0.9090909090909091,0.0011586303992816584,1.0642846117727862,0.2727272727272727,0.031103831895808978,0.1603804044952117
2.0,1.0,1.1,5.0,0.2022543863725084,0.8636363636363636,0.0011033075001366938,1.2802773330282962,0.1818181818181818,0.16030599169949283,0.14477376705715417
2.0,1.0,1.1,6.0,0.22902698569229013,0.8181818181818182,0.0023764580833287277,1.3990452348813696,0.1818181818181818,0.1464276417146835,0.07305289885627736
2.0,1.0,1.1,7.0,0.20036265978152976,0.8636363636363636,0.0018189763893342971,1.065528107903475,0.2727272727272727,0.117991013601865,0.01731816793903321
2.0,1.0,1.1,8.0,0.19730731700506168,0.7272727272727273,0.004174747093707755,1.2519811177996203,0.3636363636363636,0.043428862982144094,0.21828935054233944
2.0,1.0,1.1,9.0,0.18934429178051604,0.9090909090909091,0.0010307936270257648,1.0129011474926104,0.3636363636363636,0.03687373253535058,0.14407496031386402
2.0,1.0,1.2,0.0,0.25422650846737066,0.9090909090909091,0.0030683623254362555,1.2661023741682713,0.3636363636363636,0.0766685594700413,0.1008776541958034
2.0,1.0,1.2,1.0,0.1866221463905937,0.8181818181818182,0.0009449372469505943,1.095066336034822,0.4545454545454545,0.28095416305292586,0.03329213518022607
2.0,1.0,1.2,2.0,0.2427509507228156,0.7727272727272727,0.0013079381892983424,1.6361571793885528,0.0909090909090909,0.1216847100361537,0.10997497370440928
2.0,1.0,1.2,3.0,0.15194201071979413,0.8636363636363636,0.0005326315048586737,1.0797338066808573,0.5454545454545454,0.10348887155817221,0.07871593030650748
2.0,1.0,1.2,4.0,0.16740205126792965,0.7272727272727273,0.012357226577989584,1.023646943096408,0.1818181818181818,0.38790300325711957,0.6890964551000158
2.0,1.0,1.2,5.0,0.18822495535155706,0.6363636363636364,0.007197880685945432,1.1235398443886502,0.2727272727272727,0.16441685818632965,0.24080686591254588
2.0,1.0,1.2,6.0,0.24843911132973387,0.9090909090909091,0.0014584099904119414,1.3666353562556703,0.4545454545454545,0.05035618791191403,0.11631610555973361
2.0,1.0,1.2,7.0,0.19925491217626745,0.9090909090909091,0.0016404534118684112,1.0750084635549348,0.3636363636363636,0.06640154262341927,0.10392441800176477
2.0,1.0,1.2,8.0,0.18554743759064213,0.9090909090909091,0.0013333752239985013,0.9857070013599708,0.0909090909090909,0.2002418815343434,0.0063645774269522025
2.0,1.0,1.2,9.0,0.1902682424146971,0.8636363636363636,0.000714344426849239,0.9615754638725196,0.5454545454545454,0.22023469489600658,0.023187477102702157
2.0,1.0,1.3,0.0,0.23316069177326645,0.8181818181818182,0.0009827614530577642,1.1319514234943715,0.1818181818181818,0.1676699690463099,0.04168494938568662
2.0,1.0,1.3,1.0,0.17105270217904087,0.8181818181818182,0.0010270743715513721,1.2400095208789619,0.3636363636363636,0.1702001979486942,0.04708747415381429
2.0,1.0,1.3,2.0,0.22983099071163426,0.9090909090909091,0.0012316721210923185,1.1463020179423593,0.5454545454545454,0.0710075657361551,0.10077603021470483
2.0,1.0,1.3,3.0,0.16236759250404215,0.8636363636363636,0.0006683957768503344,1.4526131339546904,0.5454545454545454,0.2409685462609378,0.04135671147809981
2.0,1.0,1.3,4.0,0.17858336204641528,0.7727272727272727,0.0012010546573300836,1.0025183633729162,0.5454545454545454,0.21066532601820628,0.014273527263329137
2.0,1.0,1.3,5.0,0.22192341980478858,0.8181818181818182,0.0019915909574149044,1.196480522094731,0.1818181818181818,0.13550776851975388,0.1523880232353441
2.0,1.0,1.3,6.0,0.16334709719980697,0.7272727272727273,0.002483271525028528,1.340010688854295,0.3636363636363636,0.011740438329750115,0.13112918163886123
2.0,1.0,1.3,7.0,0.19006471407359643,0.9090909090909091,0.0006622690552405527,0.8727240796729138,0.2727272727272727,0.06224297326968732,0.15266359221419123
2.0,1.0,1.3,8.0,0.18996348895246326,0.8636363636363636,0.0008068210963471063,0.9356477331992115,0.0909090909090909,0.06318714121744157,0.12819209392544836
2.0,1.0,1.3,9.0,0.15718900903902266,0.9090909090909091,0.0012291870510399378,1.1971240727045112,0.4545454545454545,0.016744175200047028,0.12790789898033317
2.5,1.0,1.0,0.0,0.22287340843295272,0.9090909090909091,0.0012288658488566037,1.0530457739152155,0.1818181818181818,0.14404795729901035,0.05748657515915746
2.5,1.0,1.0,1.0,0.19646348402864366,0.9090909090909091,0.0016581237150513086,1.1021320209678345,0.2727272727272727,0.18160469097437357,0.016529768225662576
2.5,1.0,1.0,2.0,0.18272977622922426,0.9090909090909091,0.0011686617802836136,0.841053987625662,0.3636363636363636,0.15988985994879384,0.06389344157284833
2.5,1.0,1.0,3.0,0.16886195464453096,0.6818181818181818,0.00895472553467415,1.5208509732938646,0.2727272727272727,0.14931341221110225,0.1823090815580159
2.5,1.0,1.0,4.0,0.25529817315416065,0.8636363636363636,0.0015519133599144266,1.1135874942862727,0.3636363636363636,0.10100678021725161,0.07537331416581908
2.5,1.0,1.0,5.0,0.21472835197483328,0.9090909090909091,0.0025788005863175063,1.2240807207719602,0.4545454545454545,0.01499405322341721,0.10112828423777694
2.5,1.0,1.0,6.0,0.2155088901632688,0.8636363636363636,0.0032809915453909408,1.1613060199135485,0.4545454545454545,0.04969865681393868,0.10216708868213475
2.5,1.0,1.0,7.0,0.2508312155872028,0.8636363636363636,0.0016263565728401716,0.9220167940405697,0.0,0.04445072183574336,0.25661009973514753
2.5,1.0,1.0,8.0,0.22676019983544735,0.8181818181818182,0.0018093114640736984,1.058499623732118,0.2727272727272727,0.14633755329882234,0.07934961878843622
2.5,1.0,1.0,9.0,0.18085113404588538,0.9090909090909091,0.0008365975079814084,0.8943400012795628,0.4545454545454545,0.03523941505376801,0.08525462352867856
2.5,1.0,1.1,0.0,0.24311277415408578,0.8181818181818182,0.001154436686630486,0.9669897622470823,0.2727272727272727,0.13188580713273834,0.07453379081293939
2.5,1.0,1.1,1.0,0.2047431495535524,0.9090909090909091,0.0011090262644937398,0.964101927565835,0.0909090909090909,0.13673538476405234,0.07236028706541085
2.5,1.0,1.1,2.0,0.21342209475497576,0.8636363636363636,0.001245499903604289,1.2182178369946002,0.3636363636363636,0.09273723233211925,0.15108704559941336
2.5,1.0,1.1,3.0,0.19975816534539156,0.9090909090909091,0.0012314513437461775,1.1105125754305298,0.3636363636363636,0.06277401963906,0.10340013128492521
2.5,1.0,1.1,4.0,0.20665536191075062,0.9545454545454546,0.0011925226577964361,1.2294668551844814,0.2727272727272727,0.1530764075448785,0.07736772006072482
2.5,1.0,1.1,5.0,0.19002490568675484,0.7727272727272727,0.0013697594557842878,0.8912201068114876,0.2727272727272727,0.03875942562773674,0.10364762210271418
2.5,1.0,1.1,6.0,0.17211680650036754,0.9090909090909091,0.0015504410975938562,0.8568634931414264,0.4545454545454545,0.0390597636375432,0.14388023772149364
2.5,1.0,1.1,7.0,0.2181418064140285,0.8636363636363636,0.0020612626162828727,1.2220415432557368,0.2727272727272727,0.12390457604473026,0.11532449700829835
2.5,1.0,1.1,8.0,0.22810744114083456,0.9545454545454546,0.002217615860798585,1.1157495716773402,0.2727272727272727,0.013287500410854306,0.08671862882645584
2.5,1.0,1.1,9.0,0.22173974281555625,0.9090909090909091,0.002644993855324501,0.995326540216024,0.3636363636363636,0.044117412108125045,0.09786127861795137
2.5,1.0,1.2,0.0,0.18028133260297508,0.7727272727272727,0.0025456414216370377,1.3102523019323282,0.1818181818181818,0.09660939974671254,0.4019017093020811
2.5,1.0,1.2,1.0,0.2339271878899794,0.8636363636363636,0.0013737827288805772,0.9820612181051867,0.1818181818181818,0.15741797559251228,0.021266859895656222
2.5,1.0,1.2,2.0,0.205069084555271,0.8181818181818182,0.0020044020086020923,0.970570320656009,0.0909090909090909,0.01929519360214335,0.09919116943814489
2.5,1.0,1.2,3.0,0.27271034846166586,0.7727272727272727,0.0018777996547826214,1.1273036940562216,0.2727272727272727,0.09803470371558966,0.052968924070904734
2.5,1.0,1.2,4.0,0.19488481871258095,0.9090909090909091,0.0015097312588662148,1.1365948143413345,0.5454545454545454,0.040658779183888424,0.10509040417254419
2.5,1.0,1.2,5.0,0.2062493121122559,0.9090909090909091,0.001436436880527392,1.2561307936478163,0.4545454545454545,0.11429469473747011,0.06294391126663357
2.5,1.0,1.2,6.0,0.19711465089228783,0.8181818181818182,0.0014509030445682483,1.202548198063285,0.4545454545454545,0.17668073315854269,0.03031828801237305
2.5,1.0,1.2,7.0,0.2362359570003501,0.8636363636363636,0.0010114315589402156,1.3573439649204815,0.1818181818181818,0.1841322574510794,0.05190936637790662
2.5,1.0,1.2,8.0,0.24639058873314418,0.8636363636363636,0.0014767184794967484,1.1185258727704208,0.2727272727272727,0.127620997701367,0.31838621382672194
2.5,1.0,1.2,9.0,0.1821159639621721,0.9545454545454546,0.0015031573543132699,0.8163493913277061,0.4545454545454545,0.07519481547559675,0.10326928903434505
2.5,1.0,1.3,0.0,0.18763159627509146,0.9545454545454546,0.0011888584755486065,1.1402043000090731,0.4545454545454545,0.0992155324342603,0.08623380576367895
2.5,1.0,1.3,1.0,0.1822976936465832,0.9090909090909091,0.0021892628239210533,1.0646333354463997,0.2727272727272727,0.021706750630791066,0.097277279093629
2.5,1.0,1.3,2.0,0.19471788156567085,0.8636363636363636,0.002108618424512112,1.1338112756634229,0.0909090909090909,0.07687477529233479,0.029845643695035985
2.5,1.0,1.3,3.0,0.18566257506697295,0.7727272727272727,0.0015762432999856903,0.9169482345254952,0.1818181818181818,0.04979810216651745,0.2995618327719374
2.5,1.0,1.3,4.0,0.15401710792048615,0.9090909090909091,0.0026519611316278284,1.146865823962955,0.4545454545454545,0.07903972601291424,0.041074169339026204
2.5,1.0,1.3,5.0,0.20266560525618452,0.9090909090909091,0.001874550563631186,1.1506843787956762,0.5454545454545454,0.004024731937162134,0.09390988758578227
2.5,1.0,1.3,6.0,0.20938434217864715,0.8636363636363636,0.0011243365708644023,1.089828150015562,0.3636363636363636,0.08772271250354852,0.2755760513352201
2.5,1.0,1.3,7.0,0.25233320864452546,0.9090909090909091,0.0035654391157930385,1.23160011571547,0.4545454545454545,0.030570019718548058,0.10543045509692278
2.5,1.0,1.3,8.0,0.21369579904488628,0.9090909090909091,0.001842407270810223,1.0176857852071535,0.5454545454545454,0.04646758809458596,0.10740810760328214
2.5,1.0,1.3,9.0,0.21809617281903768,0.8181818181818182,0.0013718597248487977,1.0702839232760448,0.2727272727272727,0.10852575404464393,0.07788897318995906
3.0,1.0,1.0,0.0,0.22178813785949628,0.9090909090909091,0.0010253194600340744,0.9639748922256874,0.4545454545454545,0.08202229921714184,0.0780228746943492
3.0,1.0,1.0,1.0,0.22973403679706272,0.9090909090909091,0.002073358659025343,1.0336251097910993,0.0909090909090909,0.03407273311685457,0.14313139792586552
3.0,1.0,1.0,2.0,0.23985543796759903,0.9545454545454546,0.001869120642623749,1.1834692009776513,0.4545454545454545,0.05531121050245411,0.10565593001232712
3.0,1.0,1.0,3.0,0.21051872775890176,0.8181818181818182,0.00200835295213519,1.1378458539803447,0.2727272727272727,0.11012032016038956,0.16745231340646374
3.0,1.0,1.0,4.0,0.19786944501343415,0.9545454545454546,0.0016980755689280055,0.9984657240842695,0.4545454545454545,0.007122472014155166,0.14257611546118062
3.0,1.0,1.0,5.0,0.18979172752650716,0.9090909090909091,0.002734632674592688,1.0233719890956945,0.3636363636363636,0.01828320012486763,0.15576988760548957
3.0,1.0,1.0,6.0,0.20654953360733222,0.8636363636363636,0.000920140379075008,0.9621729390167475,0.4545454545454545,0.0956465141976028,0.07311952212620819
3.0,1.0,1.0,7.0,0.23448977317085556,0.9545454545454546,0.0017706593134284966,0.9732456385189963,0.0909090909090909,0.1422526964980609,0.055791719200429246
3.0,1.0,1.0,8.0,0.2261139118550729,0.8636363636363636,0.0013721337040177375,1.27714447692084,0.4545454545454545,0.20063734248222428,0.01140093091826819
3.0,1.0,1.0,9.0,0.24333125773975886,0.8636363636363636,0.0010156601223035558,0.9719153909903931,0.3636363636363636,0.10264974748232618,0.07464857140878171
3.0,1.0,1.1,0.0,0.243477607061229,0.9090909090909091,0.0006004710600017462,0.9995550487160242,0.4545454545454545,0.09512391794501623,0.10300979299796356
3.0,1.0,1.1,1.0,0.25145041241268723,0.9090909090909091,0.0012296651058901391,1.26449042500483,0.4545454545454545,0.024880169952343135,0.12403784318031998
3.0,1.0,1.1,2.0,0.24965658721746117,0.8181818181818182,0.0013638357918147825,0.9897552868094287,0.3636363636363636,0.162460041499283,0.036841849753205085
3.0,1.0,1.1,3.0,0.25747859372115217,0.9090909090909091,0.0014679544302522675,1.1135703259361478,0.0909090909090909,0.09919061380050471,0.2398266343559612
3.0,1.0,1.1,4.0,0.2533005909128511,0.8636363636363636,0.0010018266234314245,0.9663389812776924,0.1818181818181818,0.09035745727274497,0.07858981168609791
3.0,1.0,1.1,5.0,0.24248303379011463,0.9545454545454546,0.0028113266422230203,0.9789653928089815,0.2727272727272727,0.0256071964059124,0.05547602034194283
3.0,1.0,1.1,6.0,0.262929994659607,0.8181818181818182,0.0014853589569687484,1.0226738375519606,0.2727272727272727,0.09008619631549766,0.08183411639119473
3.0,1.0,1.1,7.0,0.2477735200841094,0.9090909090909091,0.003154455443751954,1.0495000367565201,0.4545454545454545,0.02697575581101593,0.04906284582531536
3.0,1.0,1.1,8.0,0.20346927836176928,0.7272727272727273,0.001371593351778376,0.9697767911789323,0.3636363636363636,0.1653920711831505,0.04508221492810494
3.0,1.0,1.1,9.0,0.29579139561858453,0.8636363636363636,0.001462839111099203,1.0452204356999557,0.3636363636363636,0.07849680852403984,0.10707281987564338
3.0,1.0,1.2,0.0,0.29222362967120075,0.8181818181818182,0.0012213112282158335,1.2807399169656342,0.1818181818181818,0.05412826247937105,0.11934769363305922
3.0,1.0,1.2,1.0,0.1863528276023089,0.8636363636363636,0.0010874210572845136,0.9531577643352461,0.3636363636363636,0.07747353905010289,0.13157245729250633
3.0,1.0,1.2,2.0,0.19709450664435094,0.9090909090909091,0.0026840842148466463,1.0990603361286537,0.5454545454545454,0.02831997693688321,0.06921971148460089
3.0,1.0,1.2,3.0,0.20278917440700228,0.7272727272727273,0.004044755370609208,1.084279267826428,0.0909090909090909,0.1127437198165274,0.3529556764127625
3.0,1.0,1.2,4.0,0.25566458339160164,0.8636363636363636,0.0019908775327035833,1.0366045212869468,0.2727272727272727,0.146745671551657,0.2789221348335422
3.0,1.0,1.2,5.0,0.26331298800277914,0.8636363636363636,0.0012023467757909497,1.0863864074317209,0.2727272727272727,0.2144267286423276,0.006753945812553577
3.0,1.0,1.2,6.0,0.23822081520143223,0.8636363636363636,0.0020604259870004634,0.8506276001896614,0.5454545454545454,0.043238883770445144,0.07012688425273725
3.0,1.0,1.2,7.0,0.19470681633877987,0.9090909090909091,0.0011597009342198148,1.1447149108176466,0.0,0.06001417772503618,0.22793329144894658
3.0,1.0,1.2,8.0,0.22245961274459286,0.8181818181818182,0.0015244788582507156,1.0856310039357966,0.4545454545454545,0.035210569862741264,0.09420328837258365
3.0,1.0,1.2,9.0,0.24256925744538646,0.8636363636363636,0.0005642565221779628,0.8859153907869256,0.3636363636363636,0.07387643574977285,0.030483576578134455
3.0,1.0,1.3,0.0,0.20397591832725423,0.7272727272727273,0.0009476413036465098,1.0359814485404408,0.4545454545454545,0.07284753027488516,0.06867551992194078
3.0,1.0,1.3,1.0,0.25875647886472136,0.9545454545454546,0.0021139246863553065,1.363207922902172,0.3636363636363636,0.08798726810503466,0.0821931541294758
3.0,1.0,1.3,2.0,0.2119286562014925,0.8636363636363636,0.001866536259990277,1.2503613334199803,0.0909090909090909,0.07297063954416644,0.23614434446540147
3.0,1.0,1.3,3.0,0.2226523729194359,0.9090909090909091,0.0015316782986921939,1.1184660138814047,0.5454545454545454,0.055162460892564644,0.08593155080760229
3.0,1.0,1.3,4.0,0.23054181557494333,0.9090909090909091,0.00205749283274122,1.1865085188799296,0.2727272727272727,0.04964992111763587,0.2517594418323684
3.0,1.0,1.3,5.0,0.19259246909726974,0.7727272727272727,0.0012009007088662016,1.1394301481508329,0.5454545454545454,0.19409121542952093,0.03486516600322188
3.0,1.0,1.3,6.0,0.240959790370933,0.9545454545454546,0.0013518893529834203,0.9445743350143703,0.3636363636363636,0.06239696851579823,0.09961222424683165
3.0,1.0,1.3,7.0,0.22804047836560545,0.9090909090909091,0.001077912865218582,1.1136768852849026,0.3636363636363636,0.1017640888340843,0.08979966823549868
3.0,1.0,1.3,8.0,0.2613247017274733,0.7727272727272727,0.00142657677562379,0.8956309103281498,0.4545454545454545,0.07815307176672763,0.06641126295098428
3.0,1.0,1.3,9.0,0.24874293174273832,0.9090909090909091,0.0014266024267868423,1.397777910070142,0.3636363636363636,0.17402911023954254,0.06686413557520919
3.5,1.0,1.0,0.0,0.2575200481855172,0.9090909090909091,0.0019153358094123557,1.1476137892186387,0.3636363636363636,0.06075191341551654,0.09032794801988973
3.5,1.0,1.0,1.0,0.253400271337141,0.9090909090909091,0.002605412277617615,0.8644184527988161,0.3636363636363636,0.05263666294589072,0.13339080583831
3.5,1.0,1.0,2.0,0.2756290777010657,0.8636363636363636,0.0012216592721752456,0.9240056285770326,0.2727272727272727,0.06116504126313647,0.0824519157643263
3.5,1.0,1.0,3.0,0.18956828356540087,0.7727272727272727,0.005860379974749255,1.3258436266468228,0.4545454545454545,0.039764955589009866,0.126182191365041
3.5,1.0,1.0,4.0,0.229354565508466,0.9090909090909091,0.003236663578633449,1.0947886908629976,0.1818181818181818,0.10880392016689563,0.2207111840630805
3.5,1.0,1.0,5.0,0.18730341873085468,0.7272727272727273,0.00680722322256179,1.0145831974001611,0.4545454545454545,0.19277461722882844,0.2740177610234636
3.5,1.0,1.0,6.0,0.20900212347756172,0.9090909090909091,0.001592008278370378,1.016690123521995,0.4545454545454545,0.02191955640080093,0.10640965701487609
3.5,1.0,1.0,7.0,0.2887917397879255,0.8636363636363636,0.0011421815833904953,1.0747176454521905,0.3636363636363636,0.06556737146634646,0.09120431258769442
3.5,1.0,1.0,8.0,0.2823151331783377,0.8181818181818182,0.0015957152454010059,1.0222659684220305,0.3636363636363636,0.06310461160043693,0.04562765500871439
3.5,1.0,1.0,9.0,0.18821725789306162,0.9090909090909091,0.0016232581429622328,0.9257602880113488,0.3636363636363636,0.049062965181981985,0.11721931671175999
3.5,1.0,1.1,0.0,0.27539816601383554,0.8636363636363636,0.0015513125501375867,0.8077097505420445,0.3636363636363636,0.04663141775467689,0.05834250912237411
3.5,1.0,1.1,1.0,0.19352407009029715,0.9090909090909091,0.005511515219555722,1.044250944885088,0.3636363636363636,0.2592524380086443,0.39972793188950845
3.5,1.0,1.1,2.0,0.2326670821651636,0.9090909090909091,0.002012403464258917,1.0971417713147555,0.3636363636363636,0.03406885412087477,0.0761846588969951
3.5,1.0,1.1,3.0,0.19399712808984468,0.8636363636363636,0.002176507811129076,1.0622931840888619,0.2727272727272727,0.04649363653344014,0.24797746795124634
3.5,1.0,1.1,4.0,0.2163162464051286,0.9090909090909091,0.0034272498263504246,1.0177506319934166,0.0,0.07456823952029111,0.2010953691529348
3.5,1.0,1.1,5.0,0.25089635636023044,0.8181818181818182,0.000948969344790931,0.90906818023971,0.1818181818181818,0.02726258688514482,0.05938285203202793
3.5,1.0,1.1,6.0,0.19459747264149532,0.9090909090909091,0.0033004929883438676,1.060253888730395,0.4545454545454545,0.026890530105400382,0.03887796032035684
3.5,1.0,1.1,7.0,0.27131470012965336,0.9090909090909091,0.004004159787298948,1.0518797672456857,0.3636363636363636,0.07095110214772493,0.13040227152820572
3.5,1.0,1.1,8.0,0.19041382413165334,0.8636363636363636,0.001085362554795269,0.8803719316938048,0.0909090909090909,0.04453115100187902,0.07057919157847407
3.5,1.0,1.1,9.0,0.28330295882548473,0.9545454545454546,0.0017661720102994112,1.210429255258504,0.4545454545454545,0.013964948234042868,0.108090462759265
3.5,1.0,1.2,0.0,0.20230895554827152,0.9545454545454546,0.0023312646439055357,1.0137733051804103,0.4545454545454545,0.04899339533092182,0.13456667445289372
3.5,1.0,1.2,1.0,0.23804200364651146,0.7272727272727273,0.005602618066676618,1.2054729964026734,0.2727272727272727,0.20953468950393875,0.4306033973751441
3.5,1.0,1.2,2.0,0.2887295665178792,0.9090909090909091,0.0016330579448248581,1.2031722777942013,0.2727272727272727,0.04259840732646208,0.0918778741072604
3.5,1.0,1.2,3.0,0.18362923158201164,0.9090909090909091,0.002093576277058858,1.3913788009728685,0.2727272727272727,0.03596353031250082,0.13546251980319807
3.5,1.0,1.2,4.0,0.210716701757454,0.8181818181818182,0.0008921767996172798,0.9821414365976837,0.4545454545454545,0.07171429125065078,0.07429586034065892
3.5,1.0,1.2,5.0,0.2468023737219669,0.9090909090909091,0.002127123704733734,0.971345238534675,0.4545454545454545,0.03450134384061276,0.09846845435234272
3.5,1.0,1.2,6.0,0.25957960781230416,0.9545454545454546,0.002656130660632267,1.0045327613636248,0.2727272727272727,0.040140528422144536,0.09282418045195032
3.5,1.0,1.2,7.0,0.2428690378187141,0.7727272727272727,0.0007932514315782628,1.0629004701730362,0.0909090909090909,0.10253114612912385,0.08425007421754825
3.5,1.0,1.2,8.0,0.28131911096436324,0.9090909090909091,0.0017865995868520757,1.0878827492372842,0.0909090909090909,0.0373375368717424,0.08987734682624764
3.5,1.0,1.2,9.0,0.2615993868438857,0.8636363636363636,0.0009944746103335788,0.9580124687498687,0.2727272727272727,0.12163718975134834,0.06299583825275504
3.5,1.0,1.3,0.0,0.17642174639108904,0.9090909090909091,0.0015760567785144347,1.0476655746210228,0.4545454545454545,0.004954626905301286,0.15011477690535793
3.5,1.0,1.3,1.0,0.2350883279232451,0.8636363636363636,0.0012330827359427103,1.1290354923913717,0.3636363636363636,0.039695975709535716,0.06530649075574711
3.5,1.0,1.3,2.0,0.25233800149324587,0.9090909090909091,0.002034344202018583,0.9610441974513317,0.1818181818181818,0.16347941756679993,0.27364894831708886
3.5,1.0,1.3,3.0,0.211742890732365,0.9090909090909091,0.0012854286934216484,1.035892853650809,0.4545454545454545,0.0999670331012347,0.2167824353996888
3.5,1.0,1.3,4.0,0.2898224721676375,0.9090909090909091,0.0026529350073546346,0.9976987049699958,0.3636363636363636,0.035583166860766055,0.06891653092198785
3.5,1.0,1.3,5.0,0.28431914762094784,0.9545454545454546,0.003342518813200068,1.195106768223743,0.3636363636363636,0.024244361091179282,0.1057577474547621
3.5,1.0,1.3,6.0,0.21833413416759845,0.9090909090909091,0.002746595853792128,1.0527045895115805,0.5454545454545454,0.006405615703320431,0.058681972875350256
3.5,1.0,1.3,7.0,0.2315853590899279,0.8636363636363636,0.0017361377479722768,1.0599216180915438,0.3636363636363636,0.08980444977111363,0.058812958010986585
3.5,1.0,1.3,8.0,0.273222170533555,0.8636363636363636,0.002513988266268569,1.1025205516436007,0.0909090909090909,0.15303325184092215,0.2819761194554261
3.5,1.0,1.3,9.0,0.2427315165080743,0.9090909090909091,0.005740211531630207,1.2201162164262582,0.2727272727272727,0.08457269891709829,0.2264199157058465
