epsilon,e1_r,e2_r,e3_r,exper,nmi,evc_overlap,evc_MAE,deg_kl,diam_rel,cc_rel,mod_rel
2.0,0.1,0.2,0.7,0.0,0.21345369807177714,0.7727272727272727,0.01639890416338553,3.4828299733696357,0.2727272727272727,0.19462347972784524,0.19949568791437267
2.0,0.1,0.2,0.7,1.0,0.1991673670475004,0.7272727272727273,0.008410185744492555,3.5361020497275986,0.1818181818181818,0.10833198595681015,0.3738340401976012
2.0,0.1,0.2,0.7,2.0,0.22344507746487638,0.8181818181818182,0.002815323965450915,2.45941457746937,0.0909090909090909,0.21433128149399636,0.44615200477311756
2.0,0.1,0.2,0.7,3.0,0.22018698297387848,0.7727272727272727,0.0014604441901647515,3.4668978730314843,0.2727272727272727,0.04484057031224519,0.6022833262298424
2.0,0.1,0.2,0.7,4.0,0.19898116438783278,0.18181818181818182,0.05121224593701277,4.707908133940571,0.1818181818181818,0.4865347398817652,0.05911406460192944
2.0,0.1,0.2,0.7,5.0,0.2130251036392754,0.45454545454545453,0.0037730597127916695,2.8992722962142907,0.0,0.06517006196932466,0.33734956585091086
2.0,0.1,0.2,0.7,6.0,0.2145075687102781,0.7727272727272727,0.01328208301353141,3.750224705982983,0.2727272727272727,0.2729822562713406,0.1509478851815484
2.0,0.1,0.2,0.7,7.0,0.2443657908693792,0.8181818181818182,0.0053343225760405085,2.455625955154805,0.1818181818181818,0.3150650816967296,0.2250553917293888
2.0,0.1,0.2,0.7,8.0,0.22617086461214117,0.5909090909090909,0.0174004694040517,3.2584511618189866,0.0,0.110926225286112,0.13915978927397785
2.0,0.1,0.2,0.7,9.0,0.22739615665376023,0.5,0.009539747253329617,2.987665985033615,0.1818181818181818,0.4758571759316993,0.17851313927213014
2.0,0.1,0.3,0.6,0.0,0.26180739019577215,0.7727272727272727,0.0017158598973788166,2.3484157505168106,0.1818181818181818,0.5230828440828973,0.18319508563287284
2.0,0.1,0.3,0.6,1.0,0.2354404524253929,0.6818181818181818,0.006787967988984459,3.2842241297045933,0.1818181818181818,0.4806955562757765,0.23766902095839773
2.0,0.1,0.3,0.6,2.0,0.26498962020276273,0.9090909090909091,0.003159390925862786,1.596766367300742,0.0909090909090909,0.10188798603273629,0.42996400417910463
2.0,0.1,0.3,0.6,3.0,0.23794836863680902,0.8181818181818182,0.009234791218669073,3.6064656985290595,0.1818181818181818,0.06471708651297935,0.48860631792319753
2.0,0.1,0.3,0.6,4.0,0.22905364802264255,0.6818181818181818,0.0035886098970676367,2.3695859242359463,0.4545454545454545,0.06281311675912377,0.45705915199715247
2.0,0.1,0.3,0.6,5.0,0.25750957314523565,0.8181818181818182,0.0008049736390506816,1.8936452512383681,0.0,0.25025345872314436,0.3249905097600862
2.0,0.1,0.3,0.6,6.0,0.2615913599367515,0.8181818181818182,0.005163418868137681,2.480687328312376,0.0909090909090909,0.3051765124786142,0.20216161146606326
2.0,0.1,0.3,0.6,7.0,0.24859881166802691,0.7272727272727273,0.0015671807606438479,2.2152789681468303,0.4545454545454545,0.13196988852919186,0.5038506624420445
2.0,0.1,0.3,0.6,8.0,0.22604547711098666,0.8181818181818182,0.0033922970864328442,2.216159716166304,0.0909090909090909,0.061985205249731286,0.5337724070666023
2.0,0.1,0.3,0.6,9.0,0.27348401396187005,0.8181818181818182,0.0019899337879761892,2.1978748931882337,0.0,0.3788376337247775,0.194512420796408
2.0,0.1,0.4,0.5,0.0,0.2662745670941685,0.8181818181818182,0.007144164568891728,1.705958014390366,0.0909090909090909,0.03935776779472296,0.607522279431498
2.0,0.1,0.4,0.5,1.0,0.3029372777356894,0.7727272727272727,0.0030575904917433876,1.8184545792423208,0.0909090909090909,0.2871188759852603,0.08429851090458453
2.0,0.1,0.4,0.5,2.0,0.26594047785263614,0.7727272727272727,0.008002452577228475,1.7142505039836395,0.1818181818181818,0.010808426548719012,0.35932174511293163
2.0,0.1,0.4,0.5,3.0,0.2776267077955606,0.8181818181818182,0.0009157386635602508,2.1775621843478072,0.0909090909090909,0.3524672974303327,0.20145796074208913
2.0,0.1,0.4,0.5,4.0,0.2880961685708637,0.8181818181818182,0.0011026128087665136,1.596027189214046,0.0909090909090909,0.22039208355463735,0.24395437198076325
2.0,0.1,0.4,0.5,5.0,0.2174134446087763,0.7727272727272727,0.004652975701571367,1.7517767413260763,0.0909090909090909,0.20532297561892274,0.7191062076662964
2.0,0.1,0.4,0.5,6.0,0.28865537808969677,0.7727272727272727,0.01069663658100956,2.3691676125591585,0.0909090909090909,0.3710589717468429,0.060938278076428265
2.0,0.1,0.4,0.5,7.0,0.265243308348571,0.9090909090909091,0.003379844978670392,1.6246952739891982,0.4545454545454545,0.004944864057488978,0.32793060565579285
2.0,0.1,0.4,0.5,8.0,0.25155980546362466,0.6818181818181818,0.004030662855417306,2.6693286362959,0.1818181818181818,0.37818486859777467,0.19814120011717437
2.0,0.1,0.4,0.5,9.0,0.26625053175048324,0.8181818181818182,0.004582915057148544,2.1400500327469065,0.0909090909090909,0.1706756642795733,0.40253085109168024
2.0,0.1,0.5,0.4,0.0,0.2278864187828501,0.8181818181818182,0.005213564766109042,1.4246620389091604,0.1818181818181818,0.23385769903001413,0.7031878870336657
2.0,0.1,0.5,0.4,1.0,0.29274542041431084,0.8181818181818182,0.0010659863894043552,1.4352154926813883,0.0909090909090909,0.19349113279138522,0.23213566298736885
2.0,0.1,0.5,0.4,2.0,0.2786621201536544,0.9545454545454546,0.004114977204189505,1.3910201024624353,0.0,0.06659740684318174,0.4267654115177897
2.0,0.1,0.5,0.4,3.0,0.2609698846925367,0.9545454545454546,0.005020132995553217,1.4664879137221452,0.1818181818181818,0.19418072005802775,0.5641494400789943
2.0,0.1,0.5,0.4,4.0,0.24107310836976387,1.0,0.0045602479161544396,1.5614891756816855,0.1818181818181818,0.1563251524880902,0.6515056256719042
2.0,0.1,0.5,0.4,5.0,0.2540895650284295,0.5909090909090909,0.008599980620324134,1.9796699635444632,0.2727272727272727,0.12915942220268378,0.3682779318788386
2.0,0.1,0.5,0.4,6.0,0.2979931584992876,0.8181818181818182,0.0013982849446532069,1.5110038551951006,0.1818181818181818,0.21327912515574673,0.1836263390120941
2.0,0.1,0.5,0.4,7.0,0.2627839222063554,0.7727272727272727,0.0021838265499746433,1.6907221543010458,0.2727272727272727,0.4094847477198838,0.13751138341200023
2.0,0.1,0.5,0.4,8.0,0.29314011827252945,0.8636363636363636,0.004909555315293355,1.7557144364941728,0.1818181818181818,0.37697551399118323,0.07732097667923782
2.0,0.1,0.5,0.4,9.0,0.26726402427687884,0.8636363636363636,0.0032115598636969517,2.060344198982899,0.0,0.11234608883414492,0.3133043821450227
2.0,0.1,0.6,0.3,0.0,0.31285907980198235,0.9090909090909091,0.005690426959518693,1.4453172407381885,0.0909090909090909,0.1205432638753499,0.3969933572573141
2.0,0.1,0.6,0.3,1.0,0.3341183058347998,0.8636363636363636,0.0024377540373566233,1.5119439803946428,0.1818181818181818,0.2245943566522957,0.18025633219687257
2.0,0.1,0.6,0.3,2.0,0.31997022939183567,0.9090909090909091,0.001341568779851583,1.3929883237166165,0.1818181818181818,0.28574938979712633,0.141106084571643
2.0,0.1,0.6,0.3,3.0,0.32322838282167615,0.8636363636363636,0.004947263215050716,1.6237260376118958,0.0,0.0065414519552343935,0.2973068682902883
2.0,0.1,0.6,0.3,4.0,0.28901285123351134,0.6818181818181818,0.0007771885879287367,1.396838273705387,0.0909090909090909,0.10269956303679575,0.23825345687634128
2.0,0.1,0.6,0.3,5.0,0.30899572396135444,0.8181818181818182,0.004670012057085212,1.361176020517393,0.0,0.01930757831633526,0.3614731243247648
2.0,0.1,0.6,0.3,6.0,0.3127797048314361,0.7272727272727273,0.002439392419761305,1.792211904502849,0.0,0.3440123509332767,0.1421910733069909
2.0,0.1,0.6,0.3,7.0,0.31738523848356165,0.7727272727272727,0.0022384476603948965,1.62154507522325,0.0909090909090909,0.32349315706964044,0.1002305548713098
2.0,0.1,0.6,0.3,8.0,0.29877556289844426,0.9090909090909091,0.005200481231824896,1.2899308340194464,0.0909090909090909,0.12939710569942436,0.4335296785347971
2.0,0.1,0.6,0.3,9.0,0.325991319985309,0.9545454545454546,0.002173635844361912,1.3942665516925148,0.0909090909090909,0.37364492367199553,0.08986840270332577
2.0,0.2,0.2,0.6,0.0,0.23613996091179568,0.7727272727272727,0.0025627463238074434,1.4751930586634598,0.0909090909090909,0.06250332109969234,0.35843330438261856
2.0,0.2,0.2,0.6,1.0,0.2557634155278967,0.9545454545454546,0.0020213230741707587,1.596853068068528,0.0909090909090909,0.014883557034850302,0.3079123173564797
2.0,0.2,0.2,0.6,2.0,0.24708926788736707,0.0,0.013827865028978958,2.878622955882702,0.0909090909090909,0.2737329163492944,0.077088374541562
2.0,0.2,0.2,0.6,3.0,0.2754966170874199,0.8636363636363636,0.0012375936893246702,1.9901630483110382,0.0909090909090909,0.379095922804135,0.17864095467008578
2.0,0.2,0.2,0.6,4.0,0.27033268692629037,0.7727272727272727,0.0013299197468466125,1.893720969980766,0.1818181818181818,0.23409582451085498,0.2164913532198411
2.0,0.2,0.2,0.6,5.0,0.2283982146783122,0.6818181818181818,0.012251134201666862,2.0162068718130297,0.0909090909090909,0.05737048505314844,0.3340760816414246
2.0,0.2,0.2,0.6,6.0,0.20471691109228146,0.6818181818181818,0.007310616144884946,2.134489816687193,0.0909090909090909,0.030651951947536286,0.5171730331590656
2.0,0.2,0.2,0.6,7.0,0.24134209599076625,0.7727272727272727,0.002142398553648783,2.722338162132309,0.1818181818181818,0.32737196897897125,0.3639512417797928
2.0,0.2,0.2,0.6,8.0,0.28550557058515014,0.8636363636363636,0.0013319239140545636,1.6244672264877869,0.2727272727272727,0.27210156593367135,0.18041667341852685
2.0,0.2,0.2,0.6,9.0,0.2917006989277315,0.8181818181818182,0.001277859267439231,1.6128215457101498,0.1818181818181818,0.25028244672144473,0.13555117453539597
2.0,0.2,0.3,0.5,0.0,0.2662475046637421,0.8181818181818182,0.0013071799481382351,1.6675660539208899,0.0,0.37707970349084685,0.22497685540263077
2.0,0.2,0.3,0.5,1.0,0.2521377617973703,0.7272727272727273,0.010076954509360274,2.2349331116029214,0.1818181818181818,0.10965816278452978,0.29258136993250533
2.0,0.2,0.3,0.5,2.0,0.26711278047602016,0.9090909090909091,0.0012896042511146093,2.2463786044855905,0.0909090909090909,0.14393648433218578,0.35350901330213946
2.0,0.2,0.3,0.5,3.0,0.29728848712139466,0.7727272727272727,0.0013824661797390023,1.630007588740713,0.0909090909090909,0.40908085569858926,0.11434270347310899
2.0,0.2,0.3,0.5,4.0,0.2772062334974269,0.8636363636363636,0.004289627628378769,1.400986617728241,0.0909090909090909,0.08894648709425693,0.449055206752741
2.0,0.2,0.3,0.5,5.0,0.2926306765434075,0.6818181818181818,0.0021297333217367305,2.0280942742461776,0.0,0.4584948282773349,0.1384015949375232
2.0,0.2,0.3,0.5,6.0,0.2712573531157096,0.8181818181818182,0.002949160673127468,2.112101619473886,0.0,0.4901394606964041,0.15457966551760488
2.0,0.2,0.3,0.5,7.0,0.2678033455225399,0.9090909090909091,0.0011343454506722672,2.0576443179243236,0.0,0.3021088548465023,0.29206415042660805
2.0,0.2,0.3,0.5,8.0,0.249711713206795,0.6818181818181818,0.016996717124875965,2.818122850487501,0.0909090909090909,0.15359348029329448,0.04340723919143329
2.0,0.2,0.3,0.5,9.0,0.3093587614100777,0.8181818181818182,0.0015881770032888023,1.7029337042777923,0.1818181818181818,0.2632182839655951,0.12873004312000202
2.0,0.2,0.4,0.4,0.0,0.3409335056642382,0.9545454545454546,0.0011819966359872195,1.412446733156792,0.0,0.2851852625656603,0.08823786793178907
2.0,0.2,0.4,0.4,1.0,0.3070436779240974,0.8636363636363636,0.005980174949079229,1.2743438499596558,0.2727272727272727,0.10595214196781869,0.38435572531801926
2.0,0.2,0.4,0.4,2.0,0.2801729039707955,0.9545454545454546,0.001771366808988952,1.63352886547252,0.0,0.13906471731972694,0.22213027155883952
2.0,0.2,0.4,0.4,3.0,0.32763173460541845,0.7727272727272727,0.0011580709500877229,1.4069674566753736,0.0,0.21906242644233243,0.1092868857798794
2.0,0.2,0.4,0.4,4.0,0.29903462668574043,0.7727272727272727,0.004107584106978697,1.2401547374246067,0.0,0.024142047559098507,0.37805493526451917
2.0,0.2,0.4,0.4,5.0,0.3376313846231831,0.8181818181818182,0.0014602616401904133,1.3626110845813315,0.0,0.26232631212943425,0.10149891291492089
2.0,0.2,0.4,0.4,6.0,0.27100366211825105,0.8636363636363636,0.003700102996477181,1.3120414721250724,0.0909090909090909,0.07291257590006091,0.34071841113867374
2.0,0.2,0.4,0.4,7.0,0.29433926232721636,0.7727272727272727,0.004120806298213055,1.783110188977555,0.0,0.119742066583533,0.4492591594762649
2.0,0.2,0.4,0.4,8.0,0.2911453023098145,0.7272727272727273,0.003558609819098309,1.7251701833303748,0.0,0.05974909871277583,0.3912769266894211
2.0,0.2,0.4,0.4,9.0,0.32254420140448464,0.7727272727272727,0.0011160924351776304,1.8698651161082216,0.0909090909090909,0.2261066320663281,0.12451664519308842
2.0,0.2,0.5,0.3,0.0,0.3509369370652842,0.8181818181818182,0.0012608055181393728,1.2328284465909822,0.1818181818181818,0.12330038228125506,0.09669858856073615
2.0,0.2,0.5,0.3,1.0,0.3336708003818108,0.7727272727272727,0.001682736609926677,1.3990972159070751,0.1818181818181818,0.19368378703697603,0.12283461345095406
2.0,0.2,0.5,0.3,2.0,0.322749338628093,0.8636363636363636,0.00467390090365822,1.350087256950943,0.1818181818181818,0.052508529029977366,0.34615475959623254
2.0,0.2,0.5,0.3,3.0,0.30801358465802453,0.8181818181818182,0.000977397506002016,1.5585509570018867,0.2727272727272727,0.18097004774133965,0.21596168905680854
2.0,0.2,0.5,0.3,4.0,0.3019787065973873,0.8181818181818182,0.0029700606681425557,1.2968342683563747,0.0,0.11776845576162566,0.2909889488243852
2.0,0.2,0.5,0.3,5.0,0.361266744087578,0.6818181818181818,0.0012294732120833192,1.5233770081974742,0.0909090909090909,0.12857798328867848,0.1134410927450873
2.0,0.2,0.5,0.3,6.0,0.3616106746160819,0.8636363636363636,0.0020360434397523187,1.4744773018401447,0.3636363636363636,0.1958813732064174,0.06486727075460981
2.0,0.2,0.5,0.3,7.0,0.3588265969368698,0.8181818181818182,0.0014876376557642795,1.2416839295840068,0.2727272727272727,0.1431129087701394,0.1057535546061534
2.0,0.2,0.5,0.3,8.0,0.34626822679613745,0.8181818181818182,0.0022156185020848333,1.292085761138524,0.2727272727272727,0.09371833687529266,0.11209457465822555
2.0,0.2,0.5,0.3,9.0,0.27720556936415885,0.8636363636363636,0.009637491162522722,1.3803510407778066,0.0909090909090909,0.18639576145301,0.5299200052789956
2.0,0.2,0.6,0.2,0.0,0.3314425952486091,0.8181818181818182,0.0040429580540905004,1.3492369186588018,0.1818181818181818,0.011450337185874947,0.22873788346801152
2.0,0.2,0.6,0.2,1.0,0.38264403606059977,0.8636363636363636,0.00207726366376676,1.3404636186635508,0.1818181818181818,0.08424407514522111,0.08374569715322208
2.0,0.2,0.6,0.2,2.0,0.318003240486157,0.8181818181818182,0.0017845488832491962,1.7981740965067758,0.1818181818181818,0.1841539058228304,0.1844619394356166
2.0,0.2,0.6,0.2,3.0,0.3506392209205946,0.9090909090909091,0.0007813875524322132,1.336528319075195,0.1818181818181818,0.12201288009855252,0.08676746038518805
2.0,0.2,0.6,0.2,4.0,0.3825288080654423,0.7727272727272727,0.00111734657354138,1.2747045996987354,0.1818181818181818,0.11679642186202234,0.08811764787538746
2.0,0.2,0.6,0.2,5.0,0.33590636209902464,0.8181818181818182,0.001726218842371493,1.281883086736666,0.0909090909090909,0.2201970775167262,0.11546182332309363
2.0,0.2,0.6,0.2,6.0,0.31071379761915685,0.7727272727272727,0.005505171438485424,1.6874701768796676,0.0909090909090909,0.15093373793926837,0.4007965014707133
2.0,0.2,0.6,0.2,7.0,0.3141725662765882,0.9545454545454546,0.0021282135865375073,1.3044904200838343,0.0909090909090909,0.08608847141547915,0.21321720178063128
2.0,0.2,0.6,0.2,8.0,0.3643499772441092,0.9090909090909091,0.00310099328316608,1.6605185200352408,0.2727272727272727,0.23982501080835372,0.05854136793183711
2.0,0.2,0.6,0.2,9.0,0.3695899244033695,0.8181818181818182,0.0016802451275086652,1.565135448452904,0.1818181818181818,0.15478878257740303,0.09423652213734716
2.0,0.3,0.2,0.5,0.0,0.25435530177960236,0.8181818181818182,0.0010810307250716843,1.2685217214662758,0.3636363636363636,0.03340145475709147,0.26375047372753224
2.0,0.3,0.2,0.5,1.0,0.2638580171124669,0.8636363636363636,0.0013509504375271014,1.767417354890891,0.0909090909090909,0.24348828944968284,0.28876217178869756
2.0,0.3,0.2,0.5,2.0,0.26582421266221823,0.8636363636363636,0.0011967925387446816,1.6373852084668274,0.0,0.2996868743921183,0.2624312750003648
2.0,0.3,0.2,0.5,3.0,0.2654822776410067,0.9545454545454546,0.0015619705080748456,1.5406091847064995,0.0909090909090909,0.18077119412826395,0.16949543412045076
2.0,0.3,0.2,0.5,4.0,0.26271417310579054,0.0,0.01186044004842809,1.8288696436996688,0.3636363636363636,0.01417225624206091,0.05867784086687814
2.0,0.3,0.2,0.5,5.0,0.25233052781385734,0.8181818181818182,0.0019842519032920616,2.338597440047557,0.1818181818181818,0.22290251542115666,0.2773531786093061
2.0,0.3,0.2,0.5,6.0,0.293674172862084,0.8181818181818182,0.0019621160679483833,1.1839230308518052,0.3636363636363636,0.11712919526162258,0.13776278549884496
2.0,0.3,0.2,0.5,7.0,0.2542360453757957,0.9090909090909091,0.0012602439195117691,1.360327174131497,0.0909090909090909,0.19312301419357,0.22995447404374195
2.0,0.3,0.2,0.5,8.0,0.252653423366962,0.8181818181818182,0.001971209280397081,1.9373651769569133,0.0,0.08639180948026513,0.38183105631452
2.0,0.3,0.2,0.5,9.0,0.24193777741333614,0.6818181818181818,0.0015289207442510005,1.6383725931321047,0.1818181818181818,0.23700097382574753,0.22274664858225715
2.0,0.3,0.3,0.4,0.0,0.27923276192785035,0.8636363636363636,0.002428587154696724,1.4950104020884631,0.2727272727272727,0.1794274942062899,0.21473056822531236
2.0,0.3,0.3,0.4,1.0,0.3063701437753746,0.7727272727272727,0.001303252912715883,1.272883244316024,0.3636363636363636,0.12071028753984328,0.11062981754690308
2.0,0.3,0.3,0.4,2.0,0.3219399160368407,0.8181818181818182,0.0014701869513355352,1.2348024635827812,0.4545454545454545,0.09790936999739226,0.12718328675808935
2.0,0.3,0.3,0.4,3.0,0.31056806040920115,0.9090909090909091,0.0019139709281975241,1.3744961319893862,0.1818181818181818,0.15269048354305143,0.12736820504991628
2.0,0.3,0.3,0.4,4.0,0.2828437437812687,0.7727272727272727,0.0029511018003787882,1.2203537833302014,0.1818181818181818,0.015852807655264412,0.42595855078706724
2.0,0.3,0.3,0.4,5.0,0.318959889805982,0.8181818181818182,0.0016225786513670395,1.5319234108879525,0.1818181818181818,0.23009230672908323,0.1036440551808699
2.0,0.3,0.3,0.4,6.0,0.29193582792273076,0.9090909090909091,0.0010067011601333636,1.8784325589598057,0.0909090909090909,0.36005478873336494,0.13965519927177206
2.0,0.3,0.3,0.4,7.0,0.2803651401566246,0.8181818181818182,0.005673732495546702,1.4427326257070558,0.3636363636363636,0.04023655203208795,0.37191497747738717
2.0,0.3,0.3,0.4,8.0,0.3012265876086542,0.8181818181818182,0.0007055862359242226,1.6761044081699694,0.0909090909090909,0.2232834521631869,0.1957754925052351
2.0,0.3,0.3,0.4,9.0,0.2965181355959272,0.9090909090909091,0.004518063530677353,1.3444978976286168,0.0909090909090909,0.05987935475133387,0.3196056290426793
2.0,0.3,0.4,0.3,0.0,0.2773056576792447,0.7272727272727273,0.005139351578621456,1.1853056995839704,0.2727272727272727,0.1003587773903229,0.3961716467591071
2.0,0.3,0.4,0.3,1.0,0.3336390940187871,0.9545454545454546,0.004595000815247762,1.2019547718932682,0.0,0.18590154807252562,0.3609724890060358
2.0,0.3,0.4,0.3,2.0,0.3107618751789616,0.8636363636363636,0.0019441360008893654,1.5358375811572655,0.1818181818181818,0.22426047436528038,0.22102801491999396
2.0,0.3,0.4,0.3,3.0,0.33266055392077337,0.9090909090909091,0.0008530164399921072,1.8473771978400633,0.1818181818181818,0.30671716678346145,0.1310975388458508
2.0,0.3,0.4,0.3,4.0,0.30442189367957667,0.9545454545454546,0.003561051591852275,1.2401787608936918,0.3636363636363636,0.029333390600615745,0.21377715864764377
2.0,0.3,0.4,0.3,5.0,0.33931711163748807,0.9090909090909091,0.002465349738071476,1.420156770226447,0.1818181818181818,0.12917353557244782,0.11766947559105799
2.0,0.3,0.4,0.3,6.0,0.35138634078044784,0.8636363636363636,0.002318214422679663,1.2019121686050507,0.3636363636363636,0.06998267516751383,0.11491784678153234
2.0,0.3,0.4,0.3,7.0,0.3747942648918145,0.9545454545454546,0.0015320154014003009,1.189521679749726,0.3636363636363636,0.06623680876952004,0.1024071946304971
2.0,0.3,0.4,0.3,8.0,0.3467503588247308,0.8181818181818182,0.0018253129303450353,1.5738696617054138,0.2727272727272727,0.17388949077556268,0.11753281375745696
2.0,0.3,0.4,0.3,9.0,0.3316034074741686,0.5,0.0024672982858538225,1.5075859412459507,0.4545454545454545,0.06371688277261306,0.14239972432446343
2.0,0.3,0.5,0.2,0.0,0.30778137886111423,0.7272727272727273,0.008355536110322198,1.562366819512773,0.3636363636363636,0.21611090510732747,0.5557939433561834
2.0,0.3,0.5,0.2,1.0,0.3549991438077091,0.8181818181818182,0.0019149758077329126,1.4542088298557272,0.0909090909090909,0.13860690729814024,0.11044983839453748
2.0,0.3,0.5,0.2,2.0,0.32654295506050024,0.8636363636363636,0.0017628263287028064,1.2526865218031444,0.3636363636363636,0.06673569555533382,0.11228756689315673
2.0,0.3,0.5,0.2,3.0,0.3056527208430899,0.8636363636363636,0.0025773343842371674,1.0734888990135232,0.2727272727272727,0.002960640053417155,0.255077174275153
2.0,0.3,0.5,0.2,4.0,0.33561536444493417,0.8636363636363636,0.00266816104352125,1.2933120605471222,0.2727272727272727,0.10509638744824637,0.13041313402088722
2.0,0.3,0.5,0.2,5.0,0.3711125609974731,0.8636363636363636,0.0012565369500655325,1.364810780875108,0.2727272727272727,0.0744318725010633,0.10694368223646823
2.0,0.3,0.5,0.2,6.0,0.36194327225553213,0.8636363636363636,0.0017047491311067003,1.2472120128603872,0.2727272727272727,0.12856392517726367,0.09735158589047663
2.0,0.3,0.5,0.2,7.0,0.3118501457324423,0.6818181818181818,0.009224391572864421,1.3576282229087213,0.0909090909090909,0.09367928490030396,0.432939203420336
2.0,0.3,0.5,0.2,8.0,0.35203888961606156,0.8636363636363636,0.003144769839228156,1.389073053029155,0.3636363636363636,0.021634116981384382,0.11492714869716184
2.0,0.3,0.5,0.2,9.0,0.3479999101096852,0.9090909090909091,0.004287796126151908,1.1791302263308945,0.4545454545454545,0.041807596265728476,0.15609526439866692
2.0,0.3,0.6,0.1,0.0,0.3358084680658978,0.8636363636363636,0.002694101502555103,1.5403547309008812,0.1818181818181818,0.1749251985182878,0.15452761777390928
2.0,0.3,0.6,0.1,1.0,0.353672321481481,0.6818181818181818,0.00826263420632219,1.5476330593702183,0.1818181818181818,0.1719442186157019,0.274486598367659
2.0,0.3,0.6,0.1,2.0,0.34744467444755733,0.8636363636363636,0.0056831900919670116,1.5860342830210743,0.3636363636363636,0.019780316810297103,0.21853758614023502
2.0,0.3,0.6,0.1,3.0,0.3754424922484491,0.9090909090909091,0.002752305267952168,1.480121299282728,0.3636363636363636,0.0824451308597657,0.10811917567042957
2.0,0.3,0.6,0.1,4.0,0.39016173391647946,0.8636363636363636,0.003524072883356556,1.400894917309569,0.3636363636363636,0.057653299054255244,0.11111518120448866
2.0,0.3,0.6,0.1,5.0,0.33337563321229385,0.7272727272727273,0.0020900101001765704,1.24440949763834,0.2727272727272727,0.09628307640175168,0.26678339143610297
2.0,0.3,0.6,0.1,6.0,0.37754484995897414,0.8636363636363636,0.0021976898098297042,1.27165865617409,0.3636363636363636,0.011934277160929123,0.09972874979293386
2.0,0.3,0.6,0.1,7.0,0.3691322616617031,0.8181818181818182,0.00403557383474946,1.3535190559565293,0.3636363636363636,0.06770918594779508,0.1051048080741494
2.0,0.3,0.6,0.1,8.0,0.32790898527060075,0.9090909090909091,0.00568260802428544,1.459057491085039,0.0909090909090909,0.1786924502421156,0.43577615768288563
2.0,0.3,0.6,0.1,9.0,0.35169192689623174,0.7727272727272727,0.006592494557259048,1.3826172787045015,0.4545454545454545,0.11023832328762313,0.3205253984298248
2.0,0.4,0.2,0.4,0.0,0.3148041103126973,0.8181818181818182,0.0016888867873227542,1.2324830166843335,0.2727272727272727,0.15258483105344264,0.12934388841877917
2.0,0.4,0.2,0.4,1.0,0.3004725262937511,0.8181818181818182,0.0009630155723050135,1.4673807697875398,0.3636363636363636,0.16742904475906067,0.14567149439871394
2.0,0.4,0.2,0.4,2.0,0.2701067134121901,0.7272727272727273,0.0008509468295620562,1.4232278740439028,0.1818181818181818,0.2878716877921348,0.1410643731677406
2.0,0.4,0.2,0.4,3.0,0.2799574634192275,0.7272727272727273,0.0009717618873486752,1.5403267716173277,0.0909090909090909,0.3485797148807033,0.11731286740887681
2.0,0.4,0.2,0.4,4.0,0.298402539970112,0.7727272727272727,0.001762165479164793,1.550256274240691,0.1818181818181818,0.29535019877377106,0.12666650917394712
2.0,0.4,0.2,0.4,5.0,0.26757512885280305,0.8181818181818182,0.0016036475909299403,1.4933773365991185,0.2727272727272727,0.0456190487009847,0.2737556094373652
2.0,0.4,0.2,0.4,6.0,0.27907367046101134,0.7727272727272727,0.0011137050242844477,1.4034929600251362,0.3636363636363636,0.1266215303975075,0.13931452312142778
2.0,0.4,0.2,0.4,7.0,0.2875817450311909,0.8181818181818182,0.002627272512906044,1.2480460433506595,0.3636363636363636,0.07942101458502474,0.2368752260191218
2.0,0.4,0.2,0.4,8.0,0.2564165067510968,0.9090909090909091,0.0035751762796689887,1.3125497372479666,0.4545454545454545,0.2651919606698898,0.34016520992946314
2.0,0.4,0.2,0.4,9.0,0.30793184075243996,0.8181818181818182,0.001003441976026979,1.6805209838954385,0.0,0.20835327431251763,0.15049781434211024
2.0,0.4,0.3,0.3,0.0,0.2729703245106661,0.9545454545454546,0.0035722817002239084,1.391558389178527,0.1818181818181818,0.030730115497439592,0.2996148531080583
2.0,0.4,0.3,0.3,1.0,0.2966830445491046,0.7727272727272727,0.0024698274141047236,1.4846824770085931,0.1818181818181818,0.050019233378956224,0.30807348819136315
2.0,0.4,0.3,0.3,2.0,0.3084485680603395,0.8181818181818182,0.001415047096198459,1.7310086572428949,0.0909090909090909,0.2922247096048416,0.13978061679862927
2.0,0.4,0.3,0.3,3.0,0.33237189905661585,0.8181818181818182,0.0011003489166493722,1.213336395807409,0.3636363636363636,0.11399993030406322,0.1215365516696968
2.0,0.4,0.3,0.3,4.0,0.29065616891159557,0.8636363636363636,0.0045029063628929285,1.6409363049938857,0.0909090909090909,0.06347620677992692,0.4790940013809807
2.0,0.4,0.3,0.3,5.0,0.28251734486928354,0.7727272727272727,0.0011828436920276976,1.3207754681175212,0.2727272727272727,0.1581054950485267,0.2660760118863025
2.0,0.4,0.3,0.3,6.0,0.3178044619732347,0.8636363636363636,0.003646388684511755,1.3364034420982596,0.4545454545454545,0.07742500687951198,0.12521281571678994
2.0,0.4,0.3,0.3,7.0,0.285663154367453,0.8636363636363636,0.0014151436223509561,1.465281356300589,0.0909090909090909,0.11040866325395043,0.25300727430395786
2.0,0.4,0.3,0.3,8.0,0.32868270483238476,0.9090909090909091,0.005177626898612842,1.4324130029878233,0.1818181818181818,0.07386312977864241,0.3212602102216137
2.0,0.4,0.3,0.3,9.0,0.27288303783761114,0.8636363636363636,0.0015513584388597733,1.6206582122976494,0.1818181818181818,0.05643119974855872,0.29177758283006827
2.0,0.4,0.4,0.2,0.0,0.3500866811622519,0.8636363636363636,0.0030388039249280834,1.3158236051650873,0.2727272727272727,0.1123767881008325,0.12228098246180003
2.0,0.4,0.4,0.2,1.0,0.34293729833725517,0.8636363636363636,0.0028280337461403775,1.2184579138423874,0.3636363636363636,0.021055622940006125,0.13489111810948132
2.0,0.4,0.4,0.2,2.0,0.3556628392709686,0.7727272727272727,0.002401391479754239,1.4922146612532798,0.4545454545454545,0.055272749192295675,0.11719920907989098
2.0,0.4,0.4,0.2,3.0,0.3494328288437567,0.9090909090909091,0.0026275514555467185,1.2445705086828285,0.4545454545454545,0.052585247910243965,0.12312402219888588
2.0,0.4,0.4,0.2,4.0,0.34293799328154095,0.8636363636363636,0.0031732728685832726,1.463695542350354,0.3636363636363636,0.06779308400340166,0.13444918043314222
2.0,0.4,0.4,0.2,5.0,0.312628388070769,0.7272727272727273,0.0040091196911033284,1.3556600206970402,0.2727272727272727,0.061427804126162104,0.43013101572289614
2.0,0.4,0.4,0.2,6.0,0.36722883690157804,1.0,0.0018893620530714007,1.2833214580568373,0.4545454545454545,0.06810263127603534,0.11517633472196726
2.0,0.4,0.4,0.2,7.0,0.36549607049521793,0.8181818181818182,0.0016467751319089495,1.3142517849800175,0.4545454545454545,0.07433210288239056,0.12006808094021566
2.0,0.4,0.4,0.2,8.0,0.31513525182606955,0.8181818181818182,0.002339308158717182,1.3429042474876072,0.1818181818181818,0.0094344849824121,0.26636666811700493
2.0,0.4,0.4,0.2,9.0,0.3669461151831463,0.8181818181818182,0.0027565103342015664,1.1152586229351231,0.4545454545454545,0.05361039725524161,0.11108081201850675
2.0,0.4,0.5,0.1,0.0,0.3796898906726807,0.7272727272727273,0.002135235983300143,1.2728273488149093,0.3636363636363636,0.055127803575556716,0.09940953934610106
2.0,0.4,0.5,0.1,1.0,0.37486641027591716,0.8636363636363636,0.002493888257795246,1.3666842731406477,0.2727272727272727,0.10512265916650139,0.10408987381778016
2.0,0.4,0.5,0.1,2.0,0.37360047823658893,0.8181818181818182,0.0014583425402182756,1.1762028129032995,0.4545454545454545,0.07863346468102414,0.08115952804151785
2.0,0.4,0.5,0.1,3.0,0.32430141778331767,0.6818181818181818,0.0046072603493076325,1.6116293396915007,0.2727272727272727,0.1311976879913817,0.40016373213351375
2.0,0.4,0.5,0.1,4.0,0.3501690517582813,0.7272727272727273,0.003314164015167722,1.4088888736171699,0.1818181818181818,0.02403498109492292,0.14157058343041826
2.0,0.4,0.5,0.1,5.0,0.35418664384431203,0.7727272727272727,0.003439216918668234,1.3994058805587497,0.3636363636363636,0.003760773685604192,0.1301986188648908
2.0,0.4,0.5,0.1,6.0,0.3408731804544073,0.8181818181818182,0.0034692600675674517,1.5534157587298676,0.4545454545454545,0.007160423187085381,0.15934098813395473
2.0,0.4,0.5,0.1,7.0,0.3576984267318597,0.8181818181818182,0.0019175726958635113,1.4142307869387272,0.0909090909090909,0.2129966427176334,0.09253471359020973
2.0,0.4,0.5,0.1,8.0,0.3653151854170402,0.8181818181818182,0.003022329596937274,1.1998664966758321,0.3636363636363636,0.038980911265669806,0.10122995324025587
2.0,0.4,0.5,0.1,9.0,0.37512529704685654,0.7727272727272727,0.003368810837442127,1.6482017642158402,0.3636363636363636,0.07455366354121229,0.11925609606821835
2.0,0.5,0.2,0.3,0.0,0.2897118471282931,0.8636363636363636,0.0023224079322585567,1.3823021577485208,0.2727272727272727,0.2134071864772312,0.16389647587877448
2.0,0.5,0.2,0.3,1.0,0.2744398926170013,0.6818181818181818,0.007075368990333313,1.899264559109445,0.2727272727272727,0.01956072533891393,0.28350193880119373
2.0,0.5,0.2,0.3,2.0,0.30644259737338364,0.8636363636363636,0.0020578575132057545,1.4772253500148924,0.4545454545454545,0.10637618022085922,0.142950471409204
2.0,0.5,0.2,0.3,3.0,0.26811360935607287,0.7727272727272727,0.0010666052351020446,1.3982762820708352,0.0909090909090909,0.13548225815631834,0.3274190069708623
2.0,0.5,0.2,0.3,4.0,0.2780118466690653,0.8636363636363636,0.0017048730125136537,1.4459305643680862,0.1818181818181818,0.0297270495636203,0.29531065569392345
2.0,0.5,0.2,0.3,5.0,0.29538562226299214,0.7272727272727273,0.0018734990672409602,1.7230883054036616,0.0909090909090909,0.38660340394228954,0.14405626985234973
2.0,0.5,0.2,0.3,6.0,0.26022070661880914,0.8181818181818182,0.0018480544818125404,1.5846314739154541,0.0909090909090909,0.1220634590323514,0.25048237862347317
2.0,0.5,0.2,0.3,7.0,0.29637528299602295,0.8636363636363636,0.0021440788386409395,2.0438620681620607,0.2727272727272727,0.29220480730385767,0.14886606161117483
2.0,0.5,0.2,0.3,8.0,0.29741817168500334,0.7727272727272727,0.0013709342194992917,1.3080412032231274,0.3636363636363636,0.10453987357332979,0.13580569944745544
2.0,0.5,0.2,0.3,9.0,0.2653584348270391,0.8636363636363636,0.0024235848092205763,1.2803117782546491,0.2727272727272727,0.0550947628541032,0.2706099336648194
2.0,0.5,0.3,0.2,0.0,0.32326273477044026,0.8636363636363636,0.0011075530484421817,1.530064563998471,0.2727272727272727,0.15407066526197322,0.13862854398846935
2.0,0.5,0.3,0.2,1.0,0.3174603094898415,0.9090909090909091,0.0017844611574564322,1.3657539902733156,0.0909090909090909,0.004352301698647595,0.28189950001774866
2.0,0.5,0.3,0.2,2.0,0.35363031643532566,0.9090909090909091,0.0025336838115815555,1.2871911578240212,0.4545454545454545,0.04615250760524608,0.12500258382435311
2.0,0.5,0.3,0.2,3.0,0.3263006426024744,0.8636363636363636,0.002163667468006536,1.314764169291986,0.3636363636363636,0.06125622402293006,0.13264298982494205
2.0,0.5,0.3,0.2,4.0,0.30108367028396305,0.8181818181818182,0.0008113032047704499,1.717231922369653,0.1818181818181818,0.10506226977048252,0.26163111331626204
2.0,0.5,0.3,0.2,5.0,0.34433513315202013,0.8181818181818182,0.0014836634715714744,1.4084726226424498,0.0,0.15194827201183803,0.12224134616222654
2.0,0.5,0.3,0.2,6.0,0.3518366585922736,0.7727272727272727,0.0014127802609447903,1.274699730285539,0.4545454545454545,0.10324962142753939,0.11604205897852768
2.0,0.5,0.3,0.2,7.0,0.3230139190468319,0.9090909090909091,0.0022164316603024534,1.3933044535847896,0.0909090909090909,0.1767474987976879,0.14599555560606498
2.0,0.5,0.3,0.2,8.0,0.3324498403296662,0.9090909090909091,0.0029111085929342637,1.3790770197484632,0.3636363636363636,0.08108509025752988,0.1250745043016605
2.0,0.5,0.3,0.2,9.0,0.3177205906646216,0.7272727272727273,0.0017525415372937822,1.4400116234039932,0.3636363636363636,0.027685893716332403,0.2633402028795447
2.0,0.5,0.4,0.1,0.0,0.3792263647332285,0.8636363636363636,0.002210596017334249,1.6716418507397384,0.4545454545454545,0.04063587650183804,0.13015796216890022
2.0,0.5,0.4,0.1,1.0,0.37411692699222626,0.8181818181818182,0.003069575860264524,1.4897458556692307,0.4545454545454545,0.011266791558237224,0.12991138426290538
2.0,0.5,0.4,0.1,2.0,0.3485331685171574,0.8181818181818182,0.0031131949661697797,1.5394234405752403,0.3636363636363636,0.007860337424732546,0.19693540482535218
2.0,0.5,0.4,0.1,3.0,0.35049001274291414,0.8181818181818182,0.004871596851344921,1.7358153944140247,0.3636363636363636,0.17365420926045458,0.12240730680930505
2.0,0.5,0.4,0.1,4.0,0.3193510028504465,0.8181818181818182,0.0042614551499920265,1.4087135598933078,0.1818181818181818,0.039344746104393744,0.27970098478202937
2.0,0.5,0.4,0.1,5.0,0.33415577893579657,0.7727272727272727,0.003057651638295587,1.3133675404682603,0.0909090909090909,0.06818883970668572,0.2873326323981056
2.0,0.5,0.4,0.1,6.0,0.35552780161291886,0.7727272727272727,0.0014358325822486804,1.3927904908070206,0.4545454545454545,0.07078325397958146,0.10116934519275765
2.0,0.5,0.4,0.1,7.0,0.34237141399112225,0.8181818181818182,0.0014753100091577306,1.521313776187947,0.4545454545454545,0.009208314916263527,0.21081897857848023
2.0,0.5,0.4,0.1,8.0,0.3434148713374183,0.9090909090909091,0.0027888313608017937,1.4779878014515513,0.2727272727272727,0.13312683417653448,0.20298180171614366
2.0,0.5,0.4,0.1,9.0,0.3539304761071537,0.8636363636363636,0.002720945750422693,1.736719399701927,0.1818181818181818,0.023548946806298026,0.21534485297605635
