intra_ratio,exper,nmi,evc_overlap,evc_MAE,deg_kl,diam_rel,cc_rel,mod_rel,mat2_edges
0.0,0,0.33825727784201326,0.8636363636363636,0.00204322493297695,1.2239930395747902,0.3636363636363636,0.11271235897022372,0.09602090339647112,21949
0.0,1,0.31339525740842616,0.8636363636363636,0.004648019582686525,1.5748987414238995,0.1818181818181818,0.028287528994197935,0.34140908733549824,20225
0.0,2,0.32633645132794176,0.7272727272727273,0.005695213526424116,2.046508754450728,0.1818181818181818,0.3648838932365046,0.06903342331939777,16268
0.0,3,0.336267653425809,0.9090909090909091,0.0031680525300331595,1.4272249235991614,0.0909090909090909,0.07124483551846643,0.33053309613381004,21169
0.0,4,0.34722644546913567,0.7727272727272727,0.001623000439123581,1.6398136466473872,0.3636363636363636,0.1402716045590042,0.11627437736447271,21368
0.0,5,0.3431744233484974,0.8181818181818182,0.001684168165130983,1.5545256096024556,0.2727272727272727,0.26919721768909605,0.14921300127781356,18299
0.0,6,0.3277325941626458,0.9090909090909091,0.005488103916361562,1.175024552426388,0.3636363636363636,0.09029190402537028,0.39135376565067387,21044
0.0,7,0.34634629040013815,0.8636363636363636,0.0009578661280662165,1.685300051721578,0.1818181818181818,0.040999789950939766,0.24772455237708202,21690
0.0,8,0.34389370722397905,0.8181818181818182,0.002098595724818442,1.691118864747258,0.2727272727272727,0.3560180478934735,0.09843781482177336,18211
0.0,9,0.30657547322134504,0.8636363636363636,0.002836498206079652,1.3946396769854568,0.3636363636363636,0.03280280407455038,0.21112779904075452,21507
0.05,0,0.3020188867213778,0.8181818181818182,0.0021452719694482554,1.5537112616062951,0.1818181818181818,0.13444485709693485,0.22504431190826477,19466
0.05,1,0.353254323783755,0.8636363636363636,0.0014063525094437665,1.5237899067754452,0.0909090909090909,0.20915797382151952,0.09279337543567007,21994
0.05,2,0.3352672389628979,0.9090909090909091,0.005796739201165486,1.35330801632505,0.0909090909090909,0.08963606163216344,0.3280684675453714,22681
0.05,3,0.3351478791172311,0.7727272727272727,0.001336362546426312,1.160449389578524,0.3636363636363636,0.16144561731597964,0.0813519113172999,22266
0.05,4,0.3274463224080888,0.8636363636363636,0.0017787034841621927,1.4119580246598984,0.0,0.0948809414262714,0.24433979701676312,20965
0.05,5,0.3324609700404473,0.8636363636363636,0.001599601850483424,1.3552301996678997,0.3636363636363636,0.299828657372133,0.1090321428421348,19244
0.05,6,0.3213957385257313,0.8636363636363636,0.0010424268508580914,1.3546827001404644,0.0,0.3344085496136362,0.12327740976130484,17993
0.05,7,0.3234679935764851,0.8636363636363636,0.0035591237272550244,1.8796333426030267,0.1818181818181818,0.033166234852433855,0.33847885663243005,20443
0.05,8,0.32073011800247386,0.9090909090909091,0.006797672435782226,1.5903966803300025,0.0909090909090909,0.13749091944938735,0.3319441667804467,21158
0.05,9,0.3090045566377711,0.8636363636363636,0.0024669580451239276,1.306239068213396,0.0909090909090909,0.011961691642118468,0.2757123011343693,21305
0.1,0,0.3163211089946626,0.7727272727272727,0.0022212490302017437,1.2575647099190674,0.3636363636363636,0.1487528050642134,0.09964498714989622,21839
0.1,1,0.33951994670836083,0.8636363636363636,0.0018449846159675916,1.5621708701244243,0.0,0.20265551319387973,0.09944703885986876,21780
0.1,2,0.3096096922355852,0.9545454545454546,0.00276657524077191,1.3181353036625154,0.2727272727272727,0.04618234278245429,0.17474921116695896,21876
0.1,3,0.3410083766344343,0.9090909090909091,0.001774310352485145,1.1947126997605333,0.4545454545454545,0.1193321667341438,0.10052113203877662,23160
0.1,4,0.31747177177686864,0.8181818181818182,0.0024802232989851554,1.3169494792489236,0.0,0.1663726430715618,0.168532086886702,21292
0.1,5,0.34261673868100756,0.9090909090909091,0.0018734769290732719,1.2318322255862109,0.3636363636363636,0.11612950943665727,0.09347101940680032,22728
0.1,6,0.2934856229275141,0.7272727272727273,0.00509981802329297,1.4609392792511386,0.0,0.014576224199525313,0.3567961993522146,21071
0.1,7,0.3237969809077124,0.8181818181818182,0.0018773539575510916,1.6076081708292143,0.0909090909090909,0.18574880916387837,0.11789810397708932,21332
0.1,8,0.30068773205639604,0.6818181818181818,0.007369534805219677,1.2690847325199024,0.1818181818181818,0.12231100611919736,0.45254501897621074,22428
0.1,9,0.33025165323086053,0.9090909090909091,0.00303450307019059,1.4011588116294555,0.1818181818181818,0.18303759750063095,0.10793930184212944,21477
0.15,0,0.3120177565539436,0.7727272727272727,0.000790419826908047,1.5226133466193708,0.0909090909090909,0.22384552016071246,0.13563388958150774,19741
0.15,1,0.3087865083747433,0.7727272727272727,0.005974462626288504,1.2728038520230804,0.3636363636363636,0.0477366656461995,0.3215329996403647,23067
0.15,2,0.30797269637923985,0.9090909090909091,0.0010699627257061146,1.3958641932640594,0.0909090909090909,0.24911389184287652,0.10686539922567717,20082
0.15,3,0.32733244656047766,0.8636363636363636,0.0010478695394925237,1.3980171202142233,0.2727272727272727,0.2844060679744533,0.10789044411414041,19664
0.15,4,0.30340551490208983,0.8181818181818182,0.002762569388907508,1.1658674822859323,0.3636363636363636,0.001092814181606973,0.22587280846553714,22609
0.15,5,0.3076016351794593,0.9090909090909091,0.0023598107180242242,1.2822355402301517,0.1818181818181818,0.18933205711194495,0.1342159643502247,21156
0.15,6,0.28721489829380076,0.7727272727272727,0.0031547453009167447,1.3709052140757672,0.3636363636363636,0.03833063561835239,0.3271452394845787,21052
0.15,7,0.3199441556784965,0.9090909090909091,0.0018640743740074516,1.3265533679073955,0.3636363636363636,0.1394947422219927,0.1195935094796434,21472
0.15,8,0.33229217705003866,0.8636363636363636,0.0005926249807746584,1.2762996362483496,0.0,0.23873771889076653,0.09504195553667005,21556
0.15,9,0.3489351576252667,0.8181818181818182,0.0019750688849450707,1.3100390027009543,0.3636363636363636,0.09686471927065277,0.10501299258112926,23547
0.0,10,0.3554499497000856,0.8181818181818182,0.002538920974798485,1.5243691299300364,0.2727272727272727,0.21433582503376644,0.050644255990542585,19817
0.05,10,0.27328770250075823,0.8636363636363636,0.003615185901568485,1.3266972340495506,0.2727272727272727,0.019635556128056276,0.23771295519000876,20575
0.1,10,0.3098925178166698,0.8181818181818182,0.0012548321253445743,1.4921547206842483,0.0909090909090909,0.19120610176410863,0.1268386117560241,19856
0.15,10,0.2900435728927317,0.8636363636363636,0.0023384450998266953,1.2611250698330103,0.0909090909090909,0.0903810329679939,0.2192452691835384,21042
0.0,11,0.3204306858092993,0.8636363636363636,0.004248528411338317,1.5134498198545,0.3636363636363636,0.001133095589845759,0.19394273872721454,20873
0.05,11,0.30077536366282276,0.8636363636363636,0.0015354751361884773,1.8943878407584336,0.2727272727272727,0.14869602600189444,0.2615498966651244,19514
0.1,11,0.3023662320419599,0.7727272727272727,0.001142276120931197,1.1949167516469927,0.1818181818181818,0.08229090883646846,0.2680629179901811,23751
0.15,11,0.31315451489615015,0.8636363636363636,0.0016572548211291843,1.5495512290553926,0.3636363636363636,0.3064155085260947,0.05632566754477126,19511
0.0,12,0.32799807605672676,0.9090909090909091,0.002434425643604481,1.500635413516616,0.1818181818181818,0.013860723973468637,0.23898042272820033,20789
0.05,12,0.35003244448744997,0.9090909090909091,0.002303904973829166,1.4196874566688873,0.1818181818181818,0.205807459532112,0.061421453633853366,21761
0.1,12,0.307199810875626,0.8636363636363636,0.0018076179105648805,1.5386499095233537,0.1818181818181818,0.18940364897170364,0.06312855391359884,20144
0.15,12,0.3157377934964265,0.7727272727272727,0.0011138103605512326,1.5659604282866137,0.3636363636363636,0.056444323585695615,0.20486289517232786,21229
0.0,13,0.3147385727710433,0.8181818181818182,0.0024821411735939354,1.4431030108602276,0.0909090909090909,0.1790038441304343,0.2528337392463465,18764
0.05,13,0.339889403034101,0.8636363636363636,0.0015835794843090036,1.3876283683570447,0.3636363636363636,0.13161989545909114,0.06375732053832679,22190
0.1,13,0.30864343484626194,0.8636363636363636,0.0010570028093865068,1.2714825809412438,0.0909090909090909,0.18690466639794737,0.11292671827961735,20611
0.15,13,0.2886978537903388,0.8636363636363636,0.0012199381787506255,1.3941501561513656,0.3636363636363636,0.09466193256506376,0.18376931011387082,21242
0.0,14,0.33102329775257083,0.8636363636363636,0.0018194606556550309,1.6114582236021957,0.1818181818181818,0.07997714597431713,0.17994247442786665,20194
0.05,14,0.3519049828734485,0.8636363636363636,0.0013073905020598202,1.5522432164557887,0.0909090909090909,0.22274063928132032,0.061966616960675076,21151
0.1,14,0.29106609262772465,0.8181818181818182,0.0017891076883617635,2.159414084529747,0.0,0.1483871054807677,0.2094080590064592,19254
0.15,14,0.3522152488861449,0.9090909090909091,0.0009112719518021915,1.6690505539202207,0.3636363636363636,0.15149931179774637,0.08695803585189202,22587
0.0,15,0.36392126688618676,0.9545454545454546,0.002442595716379395,1.3312647183211086,0.1818181818181818,0.1640967879386854,0.07810380453309024,21553
0.05,15,0.32477063085751723,0.9090909090909091,0.003398937314385127,1.6122087048401537,0.0,0.1320944300874055,0.09359091111073453,21368
0.1,15,0.3415504497867643,0.9090909090909091,0.0017047237367277502,1.2860328725307648,0.2727272727272727,0.09751276039470971,0.06893090742010584,22346
0.15,15,0.33289904502438417,0.8636363636363636,0.001863364307799223,1.2374636857914174,0.3636363636363636,0.28862837397004604,0.029431165613593907,20677
0.0,16,0.363345645106825,0.9090909090909091,0.003117779219359469,1.3599690926967538,0.2727272727272727,0.2032983817302999,0.05000818085754914,21436
0.05,16,0.3500163931409361,0.8181818181818182,0.0011701515298162988,1.2780416516637882,0.0909090909090909,0.24327110703311075,0.03962508887270169,21019
0.1,16,0.3451942397430624,0.8636363636363636,0.0015266817709852082,1.4015182957683727,0.0,0.2279372073609137,0.052180195748337176,22089
0.15,16,0.3182966983723692,0.8636363636363636,0.00269182048972898,1.1697199193747552,0.3636363636363636,0.0702183235619813,0.09549486785576776,22577
0.0,17,0.35289515489534007,0.8181818181818182,0.00286132566268853,1.5250915747728169,0.3636363636363636,0.05155491689653317,0.06795912639543239,23049
0.05,17,0.34745194009340086,0.8181818181818182,0.0018501452449297886,1.4543681506520119,0.1818181818181818,0.18673193965735713,0.06150995631016906,21204
0.1,17,0.3238850395588793,0.8636363636363636,0.0025913747849300446,1.453759429346606,0.2727272727272727,0.3375025889131752,0.00799284838456515,19171
0.15,17,0.3133698638485929,0.9090909090909091,0.0014918846877767416,1.5049038718948953,0.3636363636363636,0.140751722858369,0.06957253053561156,22382
0.0,18,0.31968002903929094,0.8636363636363636,0.002986315400512007,1.63527270737946,0.1818181818181818,0.17329726950530897,0.23021785339069628,19254
0.05,18,0.3070809126574069,0.8636363636363636,0.001026244957132326,1.5797982873574354,0.0909090909090909,0.36249435753348436,0.14400108652712193,17458
0.1,18,0.3154616736967979,0.7727272727272727,0.0012209427414308915,1.5518802355645644,0.0909090909090909,0.3739021290447474,0.0707408554399727,19086
0.15,18,0.29180309147642897,0.9090909090909091,0.0025471160465969506,1.4081919752033252,0.2727272727272727,0.1456694186358152,0.2237645607456518,19627
0.0,19,0.32541512923660565,0.7727272727272727,0.0018482584934212973,1.4513748912028388,0.0909090909090909,0.1313482966071098,0.3543744268040392,18416
0.05,19,0.3084457323131316,0.6818181818181818,0.003950444741320586,1.5995126203983991,0.0909090909090909,0.08027858104688959,0.31692490675858964,19897
0.1,19,0.315298249036349,0.8181818181818182,0.0016635444103650983,1.7695029335905423,0.0,0.37930940067355556,0.009837312418319408,17492
0.15,19,0.3197300811703096,0.8636363636363636,0.001482778035344936,1.3096959967618762,0.0,0.2178568778667318,0.06334410904058288,21562
0.0,20,0.358711752604649,0.8636363636363636,0.0021493268418215482,1.5656667138688805,0.2727272727272727,0.21021107201067118,0.061782379778327325,21131
0.05,20,0.352831909789737,0.8636363636363636,0.0017845992724262354,1.7232597094442519,0.0909090909090909,0.2225820313902674,0.06481240273815478,20651
0.1,20,0.2800743083368224,0.9090909090909091,0.0025448167561184743,1.2456421922401189,0.2727272727272727,0.04248772063957656,0.20887195923858648,22605
0.15,20,0.2880559898014024,0.7727272727272727,0.0035058652721097804,1.5028861251009102,0.0909090909090909,0.07842412556257614,0.2990151518876712,20175
0.0,21,0.35123550615617044,0.8636363636363636,0.0013627497360579977,1.4919251319358762,0.2727272727272727,0.2733157556825345,0.0768021871594361,19217
0.05,21,0.2870082145514257,1.0,0.004132683749397858,1.1679295721059066,0.3636363636363636,0.02913506653226049,0.22379905426744653,21495
0.1,21,0.3119215494316515,0.7727272727272727,0.0015944198058354933,1.2294348339288834,0.1818181818181818,0.1532118061471607,0.10202269336882257,21026
0.15,21,0.3380682952035225,0.9545454545454546,0.001502923355604636,1.424603456785975,0.3636363636363636,0.1384584750229601,0.05649645923664204,23001
0.0,22,0.3414227827336044,0.8636363636363636,0.0021580398531026957,1.7105479693671688,0.2727272727272727,0.4689600905027959,0.07410097416052094,17496
0.05,22,0.3492708684337156,0.8181818181818182,0.001930109637125929,1.4210157081541732,0.3636363636363636,0.10848933032438794,0.07046016195103345,23121
0.1,22,0.33745706096886957,0.8636363636363636,0.0020142358261006302,1.4950756029352792,0.0909090909090909,0.21221430685269557,0.065255471253731,21136
0.15,22,0.3441573406801894,0.8636363636363636,0.0014785070525573122,1.3807960127638865,0.3636363636363636,0.1193910478854017,0.05453665931937761,23283
0.0,23,0.35228043757807626,0.8636363636363636,0.0017760768117285942,1.4243806038602091,0.3636363636363636,0.10800769521812847,0.06878111547421922,21898
0.05,23,0.3147455117091705,0.8636363636363636,0.0016453346441954357,1.2892317369824977,0.2727272727272727,0.23753673894899743,0.10548903047999907,19686
0.1,23,0.31872342493748806,0.7727272727272727,0.001378559302764957,1.577937496058926,0.0909090909090909,0.1668148198630402,0.13178105193195414,20684
0.15,23,0.332402455524475,0.9090909090909091,0.0010676014969184181,1.6164924032377697,0.0909090909090909,0.3073671164207056,0.04907951581876381,20846
0.0,24,0.3644424056257224,0.9090909090909091,0.0014493693672811136,1.4545849645419389,0.2727272727272727,0.2237460806051157,0.06423202467866068,20746
0.05,24,0.35060758953116994,0.8181818181818182,0.002513778086763936,1.5186969314491876,0.1818181818181818,0.2218572677790621,0.0630693998570226,21195
0.1,24,0.3230733722713822,0.8636363636363636,0.0027849039401968093,1.16709969278508,0.3636363636363636,0.06570143871910183,0.08847145303798731,23333
0.15,24,0.28364246090165646,0.7272727272727273,0.003080038885190012,1.579821305036485,0.5454545454545454,0.05873656749506672,0.3907188293330166,20325
0.0,25,0.3078237408334145,0.7727272727272727,0.005626428200762762,1.3150177953438755,0.3636363636363636,0.06597557046217842,0.34595608591673893,21589
0.05,25,0.3501737910490835,0.8181818181818182,0.0015809122953719043,1.4360105075227434,0.4545454545454545,0.1314566725562787,0.07286705432585801,22305
0.1,25,0.285784002686653,0.7272727272727273,0.005306531170750422,1.7383189401524723,0.0,0.020728537897869593,0.4057993492313436,20510
0.15,25,0.32814779691402063,0.7272727272727273,0.0011506007854827373,1.343696785043608,0.0909090909090909,0.2504132483330183,0.058329187165329775,20468
0.0,26,0.3209198710907961,0.8636363636363636,0.0019859754595164853,1.3647260582150142,0.2727272727272727,0.12905562576361926,0.1697955449036553,20067
0.05,26,0.3458536697748451,0.8636363636363636,0.0011062590686543292,1.7502496220990595,0.1818181818181818,0.2023175007616066,0.07051211178375226,21487
0.1,26,0.33884258022069563,0.8181818181818182,0.0011308106576961006,1.5127964001818848,0.1818181818181818,0.20848848529888353,0.053879931683720815,21750
0.15,26,0.3513446299942835,0.8636363636363636,0.0010632470787856744,1.5130520880465592,0.0909090909090909,0.19755436109849073,0.061559215776298526,22191
0.0,27,0.3252758105326487,0.9090909090909091,0.005000330371542324,1.4350048935863846,0.4545454545454545,0.039983250511556316,0.12197880022459277,21661
0.05,27,0.3096796163682067,0.8181818181818182,0.002245509099174221,1.7701522715993558,0.0,0.205643117998868,0.2520069384965876,18967
0.1,27,0.302177723223411,0.8636363636363636,0.0021485336326359226,1.2872150582895465,0.1818181818181818,0.14650542990526708,0.10470556508822879,19609
0.15,27,0.32337185197166674,0.9545454545454546,0.0020108838011588695,1.1676323631703571,0.4545454545454545,0.08660804037978355,0.07082374032600092,23936
0.0,28,0.33050676473697177,0.8636363636363636,0.002398027285923529,1.2389266539658,0.3636363636363636,0.16058534780982864,0.08947415881399268,20640
0.05,28,0.30944854657998966,0.7272727272727273,0.00128094791165557,1.957076025448977,0.0,0.2399986640923105,0.12940349960162117,16940
0.1,28,0.3449874266260619,0.8636363636363636,0.002103769177440336,1.6881794524626434,0.0909090909090909,0.16794580011516425,0.07224070486641729,22401
0.15,28,0.3549407512170062,0.8636363636363636,0.001658271786483836,1.2531886980838416,0.4545454545454545,0.1084413206972408,0.06870240137509498,23666
0.0,29,0.3105555338887043,0.8181818181818182,0.006323467381760334,1.365271563054078,0.3636363636363636,0.020273840645209363,0.23545113452436314,20821
0.05,29,0.3176997840438234,0.8636363636363636,0.0027587919729565227,1.4154957726615507,0.2727272727272727,0.18938721354930305,0.1767758236178188,19303
0.1,29,0.3452616554982077,0.8636363636363636,0.0015246187863261864,1.4474864615793868,0.3636363636363636,0.09688491970716799,0.07011457453541031,22857
0.15,29,0.3127033758585912,0.8181818181818182,0.0013233876610994142,1.3377845417948007,0.1818181818181818,0.006405881818721699,0.25182054597788506,22298
