inter_ratio,exper,nmi,evc_overlap,evc_MAE,deg_kl,diam_rel,cc_rel,mod_rel,mat2_edges
0.05,0,0.3404489201948029,0.8636363636363636,0.001489960123261247,1.701926486444779,0.1818181818181818,0.24846941777826112,0.09829406956567674,20090
0.05,1,0.32519442393510095,0.9090909090909091,0.004046977227678134,1.277580194980097,0.1818181818181818,0.010247012341378047,0.20188876030988692,21970
0.05,2,0.30567144701689936,0.7272727272727273,0.0032383964762923313,1.504421511981166,0.3636363636363636,0.02608181307539878,0.28768764681506803,21853
0.05,3,0.3211195357413678,0.8636363636363636,0.001641039794896945,1.6370471693419537,0.0,0.2617220249186635,0.15533263958942983,18869
0.05,4,0.3260265845162818,0.7727272727272727,0.0013217429404238424,1.716545501625622,0.0909090909090909,0.46993806465224575,0.10549369016805682,16753
0.05,5,0.347382397525932,0.8636363636363636,0.0020708856000003733,1.673615273311643,0.0,0.3251280038439939,0.1302814931734298,18677
0.05,6,0.34976978258884955,0.9090909090909091,0.0018815752360654711,1.2026924195171333,0.3636363636363636,0.12206402012754798,0.08883077810535334,23000
0.05,7,0.35423562169016715,0.9090909090909091,0.002642516780942175,1.6082994997160216,0.2727272727272727,0.09189088386488091,0.10523766872789755,22284
0.05,8,0.3676090996377765,0.8636363636363636,0.0010755479523205278,1.4473141065341137,0.0909090909090909,0.20335789179526922,0.07826432971676173,22026
0.05,9,0.32312677710309434,0.8636363636363636,0.0018697875881801154,1.5857709434973377,0.0,0.0801935150385059,0.23948257917649887,20357
0.1,0,0.32509965871225255,0.8636363636363636,0.0019370161658848562,1.3231757261549864,0.0,0.24247557080283305,0.10777567885316036,20503
0.1,1,0.3441766837409475,0.9090909090909091,0.002065533167039301,1.2590899817866612,0.3636363636363636,0.12168812066953104,0.08363942842510219,22611
0.1,2,0.3434088894849123,0.8636363636363636,0.0020363763938563515,1.1651358730169092,0.3636363636363636,0.0889325112193409,0.11507837580677925,22767
0.1,3,0.3158442502193214,0.7727272727272727,0.0024378364925626487,1.5193865312315116,0.1818181818181818,0.1928768341936335,0.21437051021486997,19435
0.1,4,0.33482577207347947,0.8181818181818182,0.0027222143946109847,1.4458620370315667,0.0,0.1591150253461385,0.10289100022001611,21960
0.1,5,0.3551233143815943,0.8181818181818182,0.0014725916223961482,1.3370055356405164,0.3636363636363636,0.1444797963495975,0.0944590620056665,22197
0.1,6,0.3110831941861897,0.7272727272727273,0.00848893617593147,1.5456093146712595,0.1818181818181818,0.12619455127859808,0.4870530511674543,22162
0.1,7,0.3151504919269587,0.8181818181818182,0.003019104636811672,1.554851426574149,0.0,0.016130510564823133,0.28941299317665836,21055
0.1,8,0.3299929630110972,0.9090909090909091,0.004456065400380854,1.4873934049440787,0.0909090909090909,0.17514177697899264,0.3485683661066071,23177
0.1,9,0.30618231932462686,0.7727272727272727,0.003594971339037231,1.105134723637937,0.0,0.01197179812239926,0.37674127320343914,20709
0.15,0,0.35933507151962324,0.8636363636363636,0.0017930361518674388,1.2659792898702704,0.3636363636363636,0.084332182915982,0.10319147386603685,23117
0.15,1,0.34777049956639194,0.7727272727272727,0.002347134130936389,1.6748447094192263,0.0909090909090909,0.21386168933432617,0.09199737941500191,20642
0.15,2,0.2737865877338545,0.9090909090909091,0.0036139297992649477,1.3360351443013099,0.2727272727272727,0.05177476896973438,0.28773360020760996,21975
0.15,3,0.31644909514268316,0.8181818181818182,0.0011603351164997124,1.3671895285525106,0.0909090909090909,0.021846773398557277,0.25392071838778635,21400
0.15,4,0.32635432377730916,0.7727272727272727,0.0010313749657248205,1.3621420841365692,0.2727272727272727,0.25658286505082495,0.10763843654393451,19537
0.15,5,0.3420793567499873,0.7727272727272727,0.0010354817998481098,1.5148113602271898,0.0909090909090909,0.33382846158949747,0.09091847495178518,19581
0.15,6,0.32048317448453995,0.8181818181818182,0.0019136858633472878,1.2868244330984417,0.0909090909090909,0.00967233342821671,0.2685176951077846,21848
0.15,7,0.34791315815445506,0.7272727272727273,0.0013174096523449438,1.28283138476914,0.3636363636363636,0.08373693254175604,0.10062733215844068,23425
0.15,8,0.31823468704721125,0.8636363636363636,0.002311689555077408,1.3463742676048156,0.1818181818181818,0.12060277561318254,0.1522856630868817,20605
0.15,9,0.3058002830793548,0.7727272727272727,0.004338224253826129,1.6359401251906545,0.0,0.01518034875203016,0.29272629162980546,21552
0.2,0,0.3110698766091487,0.7272727272727273,0.008399194699565517,1.339578250372933,0.1818181818181818,0.17202677214877776,0.5039108081647479,22954
0.2,1,0.34470029599479873,0.9545454545454546,0.0019696412170894934,1.3287921599675325,0.1818181818181818,0.18424580475094166,0.12008076436840782,20717
0.2,2,0.32602679073415836,0.9090909090909091,0.003182673577967482,1.5802926505045674,0.2727272727272727,0.14741384699117818,0.14160748549014135,21032
0.2,3,0.34239340772892607,0.9090909090909091,0.0029834700858715197,1.2099601403059497,0.4545454545454545,0.08266516488382679,0.11206530179608908,22526
0.2,4,0.3311118473228681,0.8636363636363636,0.0014752359727378047,1.3948333898973513,0.2727272727272727,0.27115692758159926,0.1376625181792579,18995
0.2,5,0.32526153654772644,0.9090909090909091,0.0018873696031547237,1.290287299009322,0.4545454545454545,0.09841250828224281,0.11737782591265125,22381
0.2,6,0.35524547168432485,0.8181818181818182,0.0010399743201757045,1.3272879768447323,0.0909090909090909,0.28108719206050203,0.1051393072229855,20357
0.2,7,0.30944625454955516,0.8636363636363636,0.0011900638786520147,1.095444557230762,0.2727272727272727,0.02834494053611804,0.2458803581633926,21832
0.2,8,0.309181204738086,0.8636363636363636,0.0025896062121731817,1.3827374154500336,0.0909090909090909,0.11893920690599136,0.1536987100331793,20823
0.2,9,0.3052948257597655,0.8636363636363636,0.0017279201889165115,1.4144592811859096,0.1818181818181818,0.08618640856203369,0.2562808359184486,20041
0.3,0,0.27657279073444035,0.8636363636363636,0.0018655355188329761,1.4308659537798205,0.1818181818181818,0.10013692449652023,0.32615695105559245,22265
0.3,1,0.27895058773507936,0.6363636363636364,0.006932362896884675,1.7189099872333973,0.0,0.25449721576836487,0.3034588016033802,18499
0.3,2,0.3246575017027623,0.9090909090909091,0.0014293929587274518,1.421066135648374,0.3636363636363636,0.05118147925227677,0.12679924158396536,22309
0.3,3,0.34263432259521365,0.8636363636363636,0.002028373841850312,1.3479591167946436,0.3636363636363636,0.03292916427945338,0.12865243930184694,22086
0.3,4,0.2801736759514601,0.7272727272727273,0.006332885162644109,1.0459902379078354,0.1818181818181818,0.18790246971685778,0.48059310393044563,22827
0.3,5,0.3252722523534051,0.8181818181818182,0.0006748225094362007,1.2414861727196587,0.0,0.2149972500304596,0.1223994215390081,20818
0.3,6,0.31062794858748566,0.9090909090909091,0.00198733682731843,1.1921798858244936,0.4545454545454545,0.007271709369534561,0.1885984043321426,21730
0.3,7,0.2852808232858402,0.8636363636363636,0.0013088676901306844,1.309267679437463,0.0,0.1571972036484198,0.23146898674788027,19415
0.3,8,0.3406228127307563,0.8181818181818182,0.0012758161785865391,1.2987910779125835,0.0909090909090909,0.16568021778317998,0.12066923277447612,22166
0.3,9,0.3092615299115608,0.9090909090909091,0.0036091079302113015,1.5332346149955693,0.1818181818181818,0.0378998427349601,0.24661993494699577,20860
0.05,10,0.3294084901860954,0.8636363636363636,0.002643416635874013,1.4102296702489734,0.0909090909090909,0.25007955257232023,0.07908313054564596,19942
0.1,10,0.33412896635844835,0.9090909090909091,0.0011335202552238965,1.5055592535535594,0.1818181818181818,0.22041750084579723,0.14984509964243675,19222
0.15,10,0.357885907463108,0.8181818181818182,0.0017838031756138718,1.356099291683817,0.0909090909090909,0.17755844830755171,0.07270285912178975,22059
0.2,10,0.36555646617427057,0.8181818181818182,0.0014870764361699965,1.2919900813916723,0.4545454545454545,0.04890565062299009,0.08551669443069941,23753
0.3,10,0.3120951179796856,0.9090909090909091,0.003496222948752878,1.8210883689000519,0.0909090909090909,0.33166965603049614,0.1043747400119124,17716
0.05,11,0.3098154072453302,0.9090909090909091,0.0024811656780561724,1.2636528582496687,0.0909090909090909,0.1495154376268653,0.17813103574522732,19999
0.1,11,0.31865041881011535,0.9090909090909091,0.0037302933180565698,2.0402241542525594,0.3636363636363636,0.1391111217084025,0.1619429011537656,19863
0.15,11,0.2999655578212958,0.8636363636363636,0.0038746347905309554,1.2735147996574012,0.3636363636363636,0.0006116327945797504,0.17296777272515057,22600
0.2,11,0.3442783348172636,0.8181818181818182,0.0018096518402488356,1.3690389086939363,0.1818181818181818,0.1447907261940347,0.07713467327284243,22371
0.3,11,0.33684309101126636,0.8181818181818182,0.0014386403375083576,1.1299515610972948,0.4545454545454545,0.087822818670408,0.09678246382251914,22911
0.05,12,0.3266141752608084,0.7727272727272727,0.0010877820667871232,1.5663980023271513,0.1818181818181818,0.1181739192136764,0.2321394730197739,19980
0.1,12,0.2944143056057253,0.8181818181818182,0.004673529935853446,1.4153449679015389,0.2727272727272727,0.02744736255444114,0.3058215769284019,20655
0.15,12,0.3543322838017027,0.8636363636363636,0.0011084057689587563,1.5724024834747086,0.0909090909090909,0.17536197221318067,0.06963246564587768,21928
0.2,12,0.3325912884517322,0.8181818181818182,0.0017390596337211821,1.6032440622934334,0.2727272727272727,0.2080862018525169,0.058428994128321955,20957
0.3,12,0.3209891662894365,0.8636363636363636,0.0008631892109948305,1.4887867536433004,0.2727272727272727,0.17240772686000538,0.09808347956526944,20981
0.05,13,0.3261350220591065,0.9090909090909091,0.0011672591243841414,1.3537869643579348,0.1818181818181818,0.25091653148520415,0.08715019068295551,19579
0.1,13,0.3078524113657192,0.9090909090909091,0.0014870451995094576,1.7605729913490549,0.0,0.1585825508735973,0.16687243022680115,19543
0.15,13,0.2915603018971385,0.7272727272727273,0.0038265863467233565,1.6728690626685796,0.2727272727272727,0.014855016368402208,0.301800527299829,20483
0.2,13,0.347651716794162,0.9090909090909091,0.0011566553900656555,1.3302989871521782,0.0909090909090909,0.14409827224070404,0.07309426564904496,23265
0.3,13,0.35422578458396853,0.7272727272727273,0.0013761893596459184,1.23872142480492,0.3636363636363636,0.055253385167438475,0.11266130826593132,23432
0.05,14,0.3472061389919238,0.8636363636363636,0.002348308310231842,1.43607815136412,0.0909090909090909,0.008446175355841724,0.23693073109532709,22238
0.1,14,0.32415465239771385,0.9090909090909091,0.001243828009772837,1.4892912810793524,0.2727272727272727,0.08162233336458433,0.24986856430088894,20271
0.15,14,0.33836127595872856,0.8636363636363636,0.002367391384271165,1.323291928567027,0.2727272727272727,0.06711313228783282,0.08578669632875931,22763
0.2,14,0.33319560171360607,0.8636363636363636,0.001368067808273124,1.4850841095237348,0.0909090909090909,0.15958044788602804,0.10266319028349023,21216
0.3,14,0.29631515663075725,0.9090909090909091,0.004837721819679935,1.5680955176134526,0.0909090909090909,0.092952383648142,0.4214648261728067,20712
0.05,15,0.324190750645235,0.9090909090909091,0.0018823498031696367,1.6006780283535726,0.2727272727272727,0.2089536917074672,0.2073413361338463,19646
0.1,15,0.33627890869695676,0.9090909090909091,0.0012667873731800736,1.8867763915497218,0.0,0.35170334649795976,0.06226062228215365,18924
0.15,15,0.3357795529099802,0.8636363636363636,0.0017313431815931882,1.4212135432050617,0.3636363636363636,0.10858334825225106,0.09304442373758359,22159
0.2,15,0.3151483664181804,0.8636363636363636,0.0012042972830201629,1.4656187269811631,0.1818181818181818,0.20723511089849966,0.22453807171120815,19281
0.3,15,0.35789300585837996,0.8636363636363636,0.001500277729575581,1.1251783758411615,0.3636363636363636,0.06138754576708166,0.08493711071882994,23785
0.05,16,0.3506783506105535,0.9090909090909091,0.002285793499017533,1.325444823941148,0.2727272727272727,0.09300354052889598,0.052897738095201007,22755
0.1,16,0.34490632311705716,0.6818181818181818,0.0016799898334803219,1.4604230934986369,0.1818181818181818,0.18576681730717434,0.04951489811609667,21608
0.15,16,0.3420772787752796,0.9090909090909091,0.0015631712015260605,1.2727721117428374,0.3636363636363636,0.09586916344767776,0.0752389659578581,23271
0.2,16,0.3651024513379663,0.8636363636363636,0.0017858186579439274,1.472979537635569,0.4545454545454545,0.07423857441189954,0.09168490709975406,23657
0.3,16,0.32724371742820635,0.8636363636363636,0.0024062547038490186,1.4580110753566984,0.0909090909090909,0.16085141070886608,0.1085116788788676,21096
0.05,17,0.34389199284520827,0.7272727272727273,0.0013650295789997527,1.5633706478457112,0.0909090909090909,0.42342664597970364,0.03438246748902021,18260
0.1,17,0.3070377818019995,0.7272727272727273,0.004851164947680834,1.4098026079023804,0.0,0.023850977667496536,0.36293332582182497,21008
0.15,17,0.3169440224145812,0.8636363636363636,0.003205876445498922,1.1748131618153481,0.3636363636363636,0.060588309856994836,0.137909932637949,21912
0.2,17,0.33907520295335375,0.9545454545454546,0.0016655408119979204,1.5865035669813228,0.0909090909090909,0.25191518354700504,0.1099824467384713,19666
0.3,17,0.2754205874105521,0.7727272727272727,0.0016786478827770632,1.2748973843324258,0.0909090909090909,0.05954691927303823,0.2638894176659662,20237
0.05,18,0.3225894463402256,0.8181818181818182,0.003971825600188695,1.7091727574906588,0.2727272727272727,0.17342425546794119,0.24859013725249984,18677
0.1,18,0.3414370990926121,0.8636363636363636,0.0015392036925997146,1.3998380974903104,0.3636363636363636,0.23517788076445653,0.10442056827637335,19531
0.15,18,0.33756706114229307,0.7727272727272727,0.0014625118414734934,1.281551215221068,0.1818181818181818,0.20466095519148722,0.07915179077224152,20972
0.2,18,0.3047639511820706,0.9545454545454546,0.003327017691253169,1.4886543109006123,0.3636363636363636,0.01623129010493475,0.16920473611717884,21942
0.3,18,0.2925045946111777,0.8636363636363636,0.0018186629156026447,1.4884520451394572,0.1818181818181818,0.23841560646754983,0.16940071145427218,19502
0.05,19,0.34791295856826326,0.8181818181818182,0.0016087556893364234,1.3740155041146802,0.0909090909090909,0.17186224448998344,0.09079604278476534,20820
0.1,19,0.31957808904237067,0.9090909090909091,0.001508928763567862,1.4068367545133311,0.1818181818181818,0.18969338172708294,0.1838543872093899,19529
0.15,19,0.3408410409302738,0.8636363636363636,0.0009398980683275163,1.3680215344755213,0.0909090909090909,0.1970729063215499,0.06614453803364055,21030
0.2,19,0.34312491406788553,0.9545454545454546,0.0015862169682361272,1.2163549274934893,0.4545454545454545,0.053341489707079755,0.08811872044817921,23171
0.3,19,0.3195446466444269,0.9090909090909091,0.005056151099234371,1.2505729966651087,0.1818181818181818,0.17921770306896478,0.3541493827015589,24174
0.05,20,0.3532020759576829,0.8181818181818182,0.0013909696101642923,1.476347916661859,0.3636363636363636,0.10314512337521667,0.06277701302580287,23289
0.1,20,0.31909879258184665,0.9090909090909091,0.00405060157893384,1.5062512996501591,0.0909090909090909,0.06931134539412938,0.4091020491279434,20624
0.15,20,0.3036884660279188,0.9090909090909091,0.001771625223156226,1.3218026072816762,0.1818181818181818,0.20868458081679223,0.12397930306760371,19759
0.2,20,0.327786561674161,0.8181818181818182,0.002081947039748498,1.4108741768065183,0.0909090909090909,0.16790436954975316,0.1105747012149138,20578
0.3,20,0.3536035152630021,0.8636363636363636,0.0013531107536445105,1.2453891073666847,0.4545454545454545,0.056315763891606745,0.10207557442320075,23937
0.05,21,0.31088975723054413,0.9090909090909091,0.0016549670766898895,1.3312505799564298,0.0,0.06793704658755695,0.2245550486697337,20916
0.1,21,0.3022124476633989,0.7727272727272727,0.003681374173941468,1.5115141407333033,0.0909090909090909,0.059888179939872485,0.3727295445527217,19547
0.15,21,0.32423924312665603,0.7727272727272727,0.0034562447163411654,1.631534581917609,0.0909090909090909,0.06928519151116674,0.22248280985202007,19713
0.2,21,0.32673561499292675,0.8181818181818182,0.0018653891269792007,1.482096458165517,0.3636363636363636,0.05804585855513416,0.09520778320265522,23425
0.3,21,0.32047197367505675,0.9090909090909091,0.0016878082504126952,1.5896393179766668,0.0909090909090909,0.24386054584358696,0.12604384648264885,19928
0.05,22,0.34630520433101347,0.9090909090909091,0.005117675640945073,1.2460495737624837,0.0909090909090909,0.030676630227150732,0.31446343347772204,21589
0.1,22,0.3435342139432299,0.8636363636363636,0.0026006969716103794,1.5647654582498867,0.3636363636363636,0.0961338193534805,0.0760000070748471,22820
0.15,22,0.3452356075643735,0.9090909090909091,0.0012156912066882029,1.6086668462141078,0.0,0.2743114519561123,0.06638803976656679,20700
0.2,22,0.31251779371724814,0.8181818181818182,0.0014920283476509623,1.3976262975425982,0.0909090909090909,0.15477978318259916,0.12301493068797321,20569
0.3,22,0.304043182445908,0.8181818181818182,0.0012220443461494403,1.2678849768906844,0.1818181818181818,0.12447702943402056,0.10266156342364458,22103
0.05,23,0.33323953176542087,0.8636363636363636,0.0019481939708880362,1.387029113427741,0.1818181818181818,0.25820703383195254,0.07556963675048173,19558
0.1,23,0.32751604621360747,0.6818181818181818,0.0015115674110307356,1.6387751620100646,0.0,0.27615938944771706,0.03811013330366915,19212
0.15,23,0.30171654033974943,1.0,0.0041805200552550575,1.186219688310075,0.2727272727272727,0.056065052740449255,0.36274202979899267,20301
0.2,23,0.3046191334869851,0.8181818181818182,0.0019923721435689337,1.1799668731806872,0.2727272727272727,0.07433738012993041,0.2624275084041155,23186
0.3,23,0.3302875283926376,0.9090909090909091,0.001374237275704729,1.4207465680127422,0.1818181818181818,0.14237371828899772,0.09905132724587437,22302
0.05,24,0.32001663929752616,0.7727272727272727,0.0011152387565482931,1.3145042488785534,0.0909090909090909,0.2571340481718003,0.03810901875318463,20626
0.1,24,0.29480874493358805,0.7272727272727273,0.004496603112374201,1.2148847534151623,0.2727272727272727,0.020307890908581115,0.3171365081177732,21529
0.15,24,0.3645991781455281,0.8636363636363636,0.0012762908643121804,1.3249133390148518,0.3636363636363636,0.0811351597580635,0.07339257691654155,23801
0.2,24,0.3479787008471889,0.7727272727272727,0.00105232593969865,1.5175502914311298,0.4545454545454545,0.10360882490609576,0.08291735669787356,22733
0.3,24,0.31181009966420403,0.9090909090909091,0.00185104352837885,1.1372400444980788,0.3636363636363636,0.01900426809389356,0.11797052063305016,23302
0.05,25,0.3039374890669386,0.8636363636363636,0.0038876883765524557,1.2655457436091009,0.3636363636363636,0.11062974581654784,0.11685528124171506,20806
0.1,25,0.3065461146505213,0.9090909090909091,0.001214785116281688,1.3384528872242458,0.2727272727272727,0.08613469067476044,0.22663456409068927,20947
0.15,25,0.3325933145086954,0.9090909090909091,0.00475222943341027,1.6701638940112558,0.1818181818181818,0.12249911477287698,0.12423428221593627,21342
0.2,25,0.3172237536996984,0.8181818181818182,0.0015010189735920497,1.8101458875617096,0.0,0.12117994716881875,0.16659566764168118,19810
0.3,25,0.3273368282029355,0.7272727272727273,0.0014796832020162855,1.3384164589715628,0.2727272727272727,0.264262603902668,0.08436714517269939,19377
0.05,26,0.304256106356105,0.8636363636363636,0.0020850379648805527,1.31565049622658,0.0909090909090909,0.13303729024599326,0.43564448652843635,20446
0.1,26,0.297463160997338,0.8181818181818182,0.002572976400342299,1.5110996833331494,0.1818181818181818,0.10643309246637492,0.2351547545665807,19541
0.15,26,0.31177051535219374,0.8636363636363636,0.002238403141121431,1.7137024723162102,0.0909090909090909,0.06118998243011778,0.13654389774354345,20728
0.2,26,0.3367811545332541,0.8636363636363636,0.002319340534875373,1.5936604275731194,0.0,0.15926385603831975,0.0852993721693618,21404
0.3,26,0.31591115507223183,0.8636363636363636,0.0010218268854435388,1.6991684754337544,0.1818181818181818,0.33502235333802977,0.10829514496322114,18861
0.05,27,0.34095860715314613,0.8636363636363636,0.0024070878931437595,1.2607872052472648,0.2727272727272727,0.09733786666734669,0.06423673680439462,21644
0.1,27,0.30699279258933104,0.7727272727272727,0.0008532692586714516,1.4130204211604562,0.0909090909090909,0.12408759910420401,0.19113042761659033,20258
0.15,27,0.33222980747787356,0.8181818181818182,0.0008839648312931287,1.5562657595469727,0.3636363636363636,0.28873935056600086,0.04393863348120245,20241
0.2,27,0.2734297633668665,0.8181818181818182,0.0030503598364159602,1.4478785900377844,0.0909090909090909,0.010705673025679438,0.32939841249097584,20271
0.3,27,0.3514449871542009,0.8181818181818182,0.002301164628138137,1.124436587610364,0.3636363636363636,0.03843187014956436,0.10948299658332729,23421
0.05,28,0.32136024712106537,0.8181818181818182,0.005864737073735302,1.2503473438771557,0.3636363636363636,0.01541444168840103,0.1982376366390629,22280
0.1,28,0.3130140203719373,0.9090909090909091,0.0029351026473215195,1.48538500227999,0.2727272727272727,0.11680954759664829,0.17953931316946478,20855
0.15,28,0.3650461237644564,0.8636363636363636,0.0019469857355898601,1.2676955518722188,0.4545454545454545,0.08552889474697126,0.07668402729027551,23346
0.2,28,0.296528714061657,0.8636363636363636,0.0020084754612097163,1.4605862005297516,0.0909090909090909,0.13136045922256712,0.2127672917785366,19590
0.3,28,0.3058614841111161,0.8181818181818182,0.002208968417991504,1.211320028906228,0.2727272727272727,0.11925373177318782,0.218463847956947,20746
0.05,29,0.31549713208950214,0.8181818181818182,0.0022846427090605537,1.3252991443725826,0.1818181818181818,0.16997819550411655,0.18643277324702176,19201
0.1,29,0.2800821792300623,0.9545454545454546,0.003721147224357778,1.2777938437473717,0.2727272727272727,0.05267479827294198,0.2523665061707282,21254
0.15,29,0.2997527022635847,0.8636363636363636,0.002537105451564473,1.6718385500738202,0.3636363636363636,0.20498992982119796,0.18703945165573793,18910
0.2,29,0.3143324397252073,0.8181818181818182,0.0012217364635674854,1.301028775849607,0.0,0.1429986662051622,0.09572724725307064,21235
0.3,29,0.3173701209021484,0.7272727272727273,0.0010470055311023172,1.2990915570660837,0.2727272727272727,0.19247230989339295,0.09928441110842458,20446
