swap_ratio,exper,nmi,evc_overlap,evc_MAE,deg_kl,diam_rel,cc_rel,mod_rel,mat2_edges
0.0,0,0.3186545070946241,0.7727272727272727,0.0016090750073813477,1.335574441524224,0.2727272727272727,0.0979768469453118,0.16121870936317867,20914
0.0,1,0.3513191711574141,0.9090909090909091,0.0018163351252291746,1.370945023941235,0.3636363636363636,0.11075517585124417,0.10229194592021956,23119
0.0,2,0.33991878441155254,0.7727272727272727,0.0012511229205669652,1.351388038737333,0.1818181818181818,0.17081141482478102,0.09503906638536552,22234
0.0,3,0.3529097166072119,0.9090909090909091,0.002253633941568479,1.3269291139094823,0.3636363636363636,0.11990629242538352,0.10327652232147415,23332
0.0,4,0.32411063507950516,0.9090909090909091,0.0019783770715964297,1.8567703720429483,0.1818181818181818,0.16163461151808203,0.14210241479289967,20646
0.0,5,0.32841695150757555,0.9090909090909091,0.0013582966360500604,1.5069611647120786,0.0,0.299001874466927,0.12985566317647163,19424
0.0,6,0.3125273899149126,0.7727272727272727,0.0016872606921804875,1.6228719695260503,0.2727272727272727,0.3478112798932287,0.1122531027203812,17583
0.0,7,0.3100148132535958,0.8636363636363636,0.0013525168716141235,1.5384503859051772,0.0909090909090909,0.13694521737151433,0.17618249912164263,19947
0.0,8,0.308164864671521,0.8636363636363636,0.0035695267163539097,1.493786125775578,0.0909090909090909,0.05094698051717344,0.40342934371431577,20375
0.0,9,0.33449534729606817,0.8181818181818182,0.0017174457367173045,1.717052948979894,0.0909090909090909,0.20707528727751912,0.1034445821683406,21023
0.1,0,0.3343611608899809,0.8636363636363636,0.0020867041825183537,1.6872440799227202,0.1818181818181818,0.18873340762985327,0.12545662159067758,20136
0.1,1,0.2931019949301936,0.8636363636363636,0.0023829551258824568,1.1367816629521716,0.1818181818181818,0.10357273727810891,0.2870379060878387,23662
0.1,2,0.30406938458958016,0.7272727272727273,0.007028084069184245,1.3683858765970613,0.0909090909090909,0.1088877078438119,0.4584336389065476,22245
0.1,3,0.3206493967117459,0.8636363636363636,0.0012601149375791334,1.3139053516084598,0.0909090909090909,0.05123503254824901,0.27297842264823013,21351
0.1,4,0.31074784754706597,0.9545454545454546,0.003179472813448825,1.7740033991786643,0.1818181818181818,0.07051736994935766,0.4581148677065226,19679
0.1,5,0.3090427869259306,0.8636363636363636,0.0019282858139950025,1.5712920348166708,0.0,0.20794213855804053,0.13916843306348234,19571
0.1,6,0.3222753058182536,0.8636363636363636,0.001136239057923383,1.7354516963552056,0.1818181818181818,0.2672860684928805,0.15383157173220322,19151
0.1,7,0.31425541329956347,0.9090909090909091,0.0017525247847974804,1.6981936222070169,0.0909090909090909,0.13687835910859197,0.2372636637670637,19096
0.1,8,0.35274043176166286,0.9090909090909091,0.0011586639775087197,1.1303169850432824,0.3636363636363636,0.13354581567452722,0.08823386203833058,22511
0.1,9,0.3087105773016297,0.6363636363636364,0.009048362183098251,1.2109550852029836,0.2727272727272727,0.16308846294738746,0.47857834294056417,23335
0.3,0,0.2539522222722435,0.7727272727272727,0.0054810442501060895,1.7589238088671415,0.0909090909090909,0.2781466294180773,0.7274052834011072,21062
0.3,1,0.31778119614125055,0.8636363636363636,0.0034729665548082003,1.4451531410242973,0.0909090909090909,0.08792143725679842,0.25365973535093433,20305
0.3,2,0.3116376069327777,0.9090909090909091,0.002863371735644546,1.3539615662642897,0.0909090909090909,0.0056470453772174654,0.2694780627101341,21597
0.3,3,0.35935330531365206,0.8636363636363636,0.0014796741292441996,1.7081272032286163,0.0909090909090909,0.38258783854525275,0.055970666921093974,19545
0.3,4,0.339872091669861,0.9090909090909091,0.0011869854037225033,1.454601137215338,0.1818181818181818,0.18202948706123293,0.09636900456899652,21545
0.3,5,0.3571413259090402,0.7727272727272727,0.0014307601305038507,1.505027798974865,0.0909090909090909,0.35577832597706044,0.08510792062466094,18622
0.3,6,0.3081893226574921,0.8636363636363636,0.002797524644516343,1.5264622362425893,0.0,0.08863544991088144,0.37883933012636456,18585
0.3,7,0.32471735029651677,0.8636363636363636,0.0017038506424041783,1.30142649528882,0.0909090909090909,0.18732948885825182,0.11474922452883786,20751
0.3,8,0.33777741268137845,0.9090909090909091,0.0015203622088062045,1.2936032955426804,0.0909090909090909,0.12623876367660616,0.13424518529211063,20946
0.3,9,0.3471773666747275,0.7272727272727273,0.0012931426261972073,1.7619259890985939,0.0909090909090909,0.1905696972283299,0.09451750007555805,21678
0.5,0,0.3186843188865332,0.9090909090909091,0.0018704428940459288,1.4797684296262001,0.1818181818181818,0.07012547803986707,0.23381613339570578,20752
0.5,1,0.3564688157941615,0.8636363636363636,0.002530129657543194,1.5002822089499017,0.4545454545454545,0.08512406073726035,0.09842473009403284,23030
0.5,2,0.32013696458971935,0.8636363636363636,0.0014452579416510793,1.3079374477200767,0.0909090909090909,0.18152827942426283,0.24442108756834496,19026
0.5,3,0.2977526571358285,0.7272727272727273,0.007749701187978297,1.2391208282672075,0.1818181818181818,0.12850302852300832,0.4581479454555358,22649
0.5,4,0.36026806869350414,0.8181818181818182,0.0012003103895301007,1.6323225264201704,0.1818181818181818,0.1447909618416583,0.09315493523919093,22427
0.5,5,0.33855503547454996,0.8181818181818182,0.0016395477838689573,1.600925006609792,0.0,0.4279684761014434,0.08439543824283086,17734
0.5,6,0.3068004050881281,0.8636363636363636,0.0020212203480753656,1.3890981757829386,0.1818181818181818,0.1700022250256162,0.20412364568426683,19084
0.5,7,0.33418318083620474,0.8181818181818182,0.0018611128527850932,1.4144074580764185,0.2727272727272727,0.1612890200651419,0.15020410737994644,20410
0.5,8,0.3669874464882417,0.7727272727272727,0.001603672480619332,1.4944481025168217,0.3636363636363636,0.09929715447940222,0.10636886042638773,23330
0.5,9,0.31766584844498813,0.7272727272727273,0.00611008384933889,1.2629800715786967,0.0909090909090909,0.06333889239602285,0.43104439283124063,21878
0.7,0,0.34484196911129483,0.8636363636363636,0.0027091097062375046,1.2628610585149471,0.1818181818181818,0.034785011274207564,0.2757015438376421,22182
0.7,1,0.3278095469925122,0.7727272727272727,0.0013037240489605349,1.469707094168709,0.1818181818181818,0.30656283315871447,0.16222038897460173,18004
0.7,2,0.3154727132501379,0.8181818181818182,0.00308414669350619,1.7173197376937368,0.0,0.219137792475202,0.26978660332052434,17786
0.7,3,0.30649535627119934,0.7727272727272727,0.005819041018658699,1.5806076091405443,0.0909090909090909,0.06482515724820938,0.44057076356501296,21548
0.7,4,0.3287114226496244,0.9090909090909091,0.0021101549441774115,1.721893327940464,0.0,0.016985788250697416,0.2587823140013892,20995
0.7,5,0.36377367371285774,0.8636363636363636,0.0023231680177514483,1.4925397162123937,0.0,0.13904927331386957,0.10531985609474301,21872
0.7,6,0.36043743494438263,0.6818181818181818,0.0018116729511573433,1.2555326876230706,0.1818181818181818,0.19262510497805393,0.07748436236975852,21485
0.7,7,0.3529477904694313,0.7727272727272727,0.002231060279575028,1.5785776360814254,0.0909090909090909,0.18519088832234082,0.1045229405813183,21122
0.7,8,0.3116592137623611,0.8181818181818182,0.0021076059029399353,1.182807506235765,0.0,0.0493968933644469,0.27700661449516617,22267
0.7,9,0.3483251139408637,0.8636363636363636,0.001664642190626118,1.5241932671061877,0.2727272727272727,0.2504072491608999,0.09128887033484781,20335
0.0,10,0.3542691672782591,0.8636363636363636,0.0014885997355865703,1.329962729059306,0.3636363636363636,0.12706141334251747,0.06717908288919348,23434
0.1,10,0.3011292244266124,0.9090909090909091,0.0048730343465451876,1.331887738991806,0.0,0.0926041260176817,0.4043185365100157,20916
0.3,10,0.31470051492556744,0.8636363636363636,0.001296690863485745,1.435097779619611,0.0909090909090909,0.22251592052508726,0.08613505032596855,19097
0.5,10,0.3363000038884267,0.9090909090909091,0.0018580916025127037,1.4473882638153017,0.0909090909090909,0.2572374180882977,0.08269645319027573,20410
0.7,10,0.35484659695660914,0.8636363636363636,0.0020557579857606785,1.3294196368086517,0.2727272727272727,0.05773861056312833,0.09069978080076779,23224
0.0,11,0.3463469685311142,0.8181818181818182,0.0018083606424266977,1.2441736580730174,0.3636363636363636,0.10008497666311132,0.07214250757011545,22424
0.1,11,0.2942534725885561,0.8636363636363636,0.0025018927133673933,1.0317117152663096,0.3636363636363636,0.055424741659841396,0.15667203533469118,21069
0.3,11,0.3365147760225106,0.7727272727272727,0.0017791442553353844,1.2630097424780207,0.3636363636363636,0.10376542963635921,0.05019703089355471,22034
0.5,11,0.3536961363008947,0.8181818181818182,0.0008679409831687051,1.2352535636131556,0.2727272727272727,0.21237926291647302,0.0608960054236252,21179
0.7,11,0.3059078701510535,0.9090909090909091,0.0014153742284909372,1.3347013730542874,0.2727272727272727,0.11743104777110544,0.14500579416620601,20423
0.0,12,0.300915009912182,0.8181818181818182,0.0008664458759731278,1.7792712499078478,0.1818181818181818,0.31467326782666444,0.1604685230113025,18149
0.1,12,0.3100176741456846,0.8636363636363636,0.0019029960026602788,1.4611543374461746,0.0909090909090909,0.11770109523942227,0.1937270202543599,19579
0.3,12,0.3056063891810893,0.7727272727272727,0.004724067276507401,1.4500669014531102,0.1818181818181818,0.031045282182886387,0.41711531822869885,21056
0.5,12,0.31626979146677947,0.9090909090909091,0.0015957214492171477,1.4609372563861527,0.1818181818181818,0.17851766924333243,0.10756156974963872,20269
0.7,12,0.30913206030406815,0.8181818181818182,0.002469614275722366,1.24267935642824,0.0,0.02059739568291054,0.245790880229026,22051
0.0,13,0.3508850196302431,0.9090909090909091,0.0022298479378537743,1.5327344921782242,0.0909090909090909,0.2258894534828,0.04752339948300509,21190
0.1,13,0.35149493845845703,0.8636363636363636,0.0020402337503356753,1.1853601080846468,0.4545454545454545,0.13201468551319734,0.06436000841597445,23026
0.3,13,0.33507764412657337,0.8181818181818182,0.000826074838881714,1.3037162307174417,0.4545454545454545,0.1381611911116421,0.05554204956932843,22576
0.5,13,0.337683047155353,0.9545454545454546,0.0014226318404765078,1.0246283796142905,0.3636363636363636,0.12411586222171689,0.06542350334475171,21667
0.7,13,0.35185439302456517,0.8181818181818182,0.0022560310781218045,1.8390723301557528,0.0909090909090909,0.17588392195188723,0.07633774522261509,21722
0.0,14,0.3079759980226726,0.8636363636363636,0.0014461279021786705,1.181639113239755,0.3636363636363636,0.161741759366179,0.10415290200157833,21065
0.1,14,0.30597075095918486,0.8636363636363636,0.0025826988528814556,1.3431603630622948,0.0909090909090909,0.0982752641899106,0.2460322861999362,20079
0.3,14,0.36220370978378297,0.9090909090909091,0.001824777599570786,1.4666660089848262,0.1818181818181818,0.1681856598294094,0.0630805076146649,22076
0.5,14,0.35143926484533256,0.9090909090909091,0.0017525168884329756,1.432479821546337,0.0909090909090909,0.21613069394109272,0.05489670200274033,20853
0.7,14,0.30859812163053724,0.8636363636363636,0.002367559975407303,1.652043624376692,0.0,0.20236534785883942,0.18703557593293355,18906
0.0,15,0.3098506549484111,0.7727272727272727,0.001213987899797897,1.44306969668673,0.0,0.0826684448810209,0.2070300782488003,20965
0.1,15,0.3223162633315732,0.8181818181818182,0.0010099550423846083,1.9726707392769942,0.0909090909090909,0.34892998015199705,0.19511993389438478,17494
0.3,15,0.3506679614635101,0.8181818181818182,0.0011403912055956455,1.5760547163297582,0.3636363636363636,0.15216254948984723,0.07372012648168519,22332
0.5,15,0.33333841758552124,0.6818181818181818,0.0016336275163982257,1.2468584928105635,0.1818181818181818,0.23491313998560395,0.054470179397706,20970
0.7,15,0.36222861183880545,0.7272727272727273,0.0005967715923688217,1.5138467518721739,0.0,0.30238100823569036,0.040287332598685076,20489
0.0,16,0.28732286639276283,0.7272727272727273,0.004654887832733263,1.3058547236381912,0.0909090909090909,0.0947856163727212,0.3910755017990322,21223
0.1,16,0.29664501408191407,0.8181818181818182,0.0059415670683455124,1.3475736924846566,0.2727272727272727,0.07101170579013569,0.24442741340383886,21866
0.3,16,0.2917718206304632,0.8636363636363636,0.0009405205952727348,1.7410269466764712,0.0,0.12242158020029816,0.28551698953563215,18059
0.5,16,0.291573020855746,0.8181818181818182,0.005669512377627885,1.323335075353623,0.1818181818181818,0.14362669175224496,0.5566340127935937,20516
0.7,16,0.3290440424668151,0.6818181818181818,0.007699503175043443,1.7397537705227364,0.0909090909090909,0.21663990591555457,0.0038905933332489574,16813
0.0,17,0.3518929900984563,0.8636363636363636,0.0022024943072037773,1.6694031063445385,0.0,0.16098348177855365,0.07302738697639581,22320
0.1,17,0.33295449762019075,0.5909090909090909,0.0023609915063645573,1.9584155139820527,0.0,0.3495513189528493,0.017504448203234955,18071
0.3,17,0.29910603459649526,0.7727272727272727,0.0036387117117302357,1.614905202241142,0.0909090909090909,0.06525036008924946,0.36662658361623257,19515
0.5,17,0.30480048770698664,0.8181818181818182,0.001205787631340642,1.5934766474539654,0.0,0.12123993062188328,0.2240559832760826,19426
0.7,17,0.37309793967160976,0.9090909090909091,0.0031856679973573487,1.4505727913351736,0.3636363636363636,0.08063689827932614,0.06953286339058037,23741
0.0,18,0.32888454653941507,0.9090909090909091,0.002478951681353546,1.4905852794744154,0.0909090909090909,0.18905172735307557,0.07960714770916057,20554
0.1,18,0.35702093247698513,0.9090909090909091,0.0016053958716992355,1.603700753753548,0.0909090909090909,0.24080667369395642,0.07589436145123171,20934
0.3,18,0.34345654349363447,0.8181818181818182,0.0017336133489216372,1.303072700159061,0.2727272727272727,0.179415512611874,0.056956432379961085,21694
0.5,18,0.3378107169010632,0.8636363636363636,0.002354441421127737,1.3822008587656756,0.2727272727272727,0.22740619303573817,0.07731942999851411,20096
0.7,18,0.3269518547764891,0.7727272727272727,0.0010730227003203816,1.2200553694140182,0.1818181818181818,0.29530160799536603,0.10635989945058705,18803
0.0,19,0.3365783052001671,0.8636363636363636,0.0016755008395983714,1.334744813023902,0.0909090909090909,0.20405468558591108,0.0813595681842847,20744
0.1,19,0.31091695222423554,0.8181818181818182,0.001568643439450053,1.5986363620735042,0.1818181818181818,0.14086094623874967,0.17899759455752412,19980
0.3,19,0.3062057538896739,0.9545454545454546,0.0028301983144541952,1.4716994172764384,0.0909090909090909,0.03363629831304155,0.23930478590530666,20914
0.5,19,0.33443702415654125,0.8636363636363636,0.002731843382096949,1.4540561799379281,0.2727272727272727,0.14753190838853372,0.12126164753585177,20479
0.7,19,0.34681496319876104,0.8636363636363636,0.0015804766982209682,1.5732868955922665,0.3636363636363636,0.09123812518339032,0.07482394533473222,23156
0.0,20,0.3102289137750039,0.8181818181818182,0.0015725063283201898,1.3669887720690435,0.1818181818181818,0.20674588410668196,0.11744964612052822,19752
0.1,20,0.2866113655510723,0.7727272727272727,0.004992440737715979,1.0585447759902216,0.1818181818181818,0.0938531217328918,0.26498344819583564,22635
0.3,20,0.2825698009863719,0.8636363636363636,0.0024372402658286887,2.22547887746726,0.0909090909090909,0.0033092455274229293,0.24890414684628168,18866
0.5,20,0.34254517375073507,0.8181818181818182,0.001564334140079465,1.6729798483920588,0.1818181818181818,0.2238014180810871,0.05221440878285034,20300
0.7,20,0.34447645243679037,0.8636363636363636,0.00161204707491976,1.5019030773268822,0.0909090909090909,0.2407223687301645,0.05495445566861069,20756
0.0,21,0.32228415680137307,0.8636363636363636,0.0011614907037336155,1.574369052908899,0.1818181818181818,0.05159111243921938,0.2423253798843247,21093
0.1,21,0.3106806300972741,0.8181818181818182,0.0019068488641378995,1.3970580606314331,0.1818181818181818,0.11032743821724633,0.2322136922555701,19627
0.3,21,0.35684532994360724,0.7727272727272727,0.0020933897499858843,1.390215051990765,0.2727272727272727,0.19388686367025468,0.054286875395757335,21714
0.5,21,0.3597706606250039,0.8636363636363636,0.0009345498163370338,1.3177023916149673,0.0909090909090909,0.2059078422961669,0.053226213721033984,21782
0.7,21,0.297378867651998,0.7272727272727273,0.005114116016760041,1.1783258919538167,0.2727272727272727,0.03941146875114428,0.2217013474066206,21104
0.0,22,0.3350989926586269,0.8181818181818182,0.0012982265150883717,1.7431444745243518,0.1818181818181818,0.4585712365027794,0.020450241245041703,17927
0.1,22,0.2982798153969917,0.8181818181818182,0.0017400852850397253,1.4951610283913852,0.0909090909090909,0.08552697107967511,0.2420435057979591,19931
0.3,22,0.356654343801762,0.8636363636363636,0.000851506947394488,1.8538720380635043,0.2727272727272727,0.22918974813499213,0.058015620212429314,20693
0.5,22,0.3498467179210604,0.8636363636363636,0.0012420333590106379,1.8291862381260988,0.2727272727272727,0.21402322008129238,0.04971458323810608,20908
0.7,22,0.3520340987961534,0.9545454545454546,0.001445186457007648,1.5831910618616232,0.1818181818181818,0.21572105769146221,0.07763593119829872,20827
0.0,23,0.340140885377766,0.9545454545454546,0.0017711154272679955,1.2217997204635567,0.2727272727272727,0.12338495978493018,0.06344012155852416,22346
0.1,23,0.3520702339073104,0.9090909090909091,0.0014833133324662672,1.7153151426756967,0.0909090909090909,0.30170578432468387,0.05989453997404254,20051
0.3,23,0.3119203804161788,0.9090909090909091,0.002404982990591481,1.0817430224846156,0.2727272727272727,0.0904670921954827,0.0927231197121943,21073
0.5,23,0.32588095745515194,0.6818181818181818,0.0017835403921884984,1.34039246329912,0.3636363636363636,0.14262591028186225,0.06092254769584236,20830
0.7,23,0.3483735479997266,0.9090909090909091,0.0018885885600941179,1.344995857117933,0.3636363636363636,0.09460109625640051,0.059474171422341404,22883
0.0,24,0.32918220822808864,0.8636363636363636,0.001743046295761843,1.3719602528113928,0.0909090909090909,0.20219161580632378,0.0626863671568111,21357
0.1,24,0.31881181634185346,0.9090909090909091,0.004164133308618724,1.6519206779507116,0.0909090909090909,0.0921875335899831,0.30722126587254306,22747
0.3,24,0.3054426574834966,0.8636363636363636,0.0017209832187501605,1.524099233743632,0.0909090909090909,0.16533106426338623,0.13804927917042445,20036
0.5,24,0.34824162311429735,0.9090909090909091,0.0018607855284987528,1.1628615507455897,0.3636363636363636,0.12148644635459889,0.05824628830324664,22378
0.7,24,0.3642216582225748,0.8181818181818182,0.001989096202128217,1.4308913236884886,0.1818181818181818,0.18968422295333404,0.06721748006231829,21321
0.0,25,0.33768442160146894,0.8636363636363636,0.0017153423271536903,1.336466312105752,0.3636363636363636,0.14966039414709065,0.058934526810408144,22673
0.1,25,0.32373265744964824,0.9090909090909091,0.0027428695340768468,1.3982848231275502,0.1818181818181818,0.19017194849797106,0.10065552424765847,19884
0.3,25,0.35460285164234107,0.8636363636363636,0.0022240076895173664,1.2586855495856837,0.3636363636363636,0.10312256040410105,0.06311760154017117,22415
0.5,25,0.3074873509934082,0.8636363636363636,0.0012928672610131573,1.3824671356542837,0.0,0.18514225527289727,0.2283559653884003,19083
0.7,25,0.34993832917427176,0.8181818181818182,0.001965198193484545,1.5312776575551028,0.3636363636363636,0.12906900961142004,0.06928180844237274,22980
0.0,26,0.32461181034505354,0.8181818181818182,0.0011265065466874698,1.35529203888023,0.3636363636363636,0.15209268255866712,0.05196390226474037,21640
0.1,26,0.28571198624009325,0.9090909090909091,0.002904139516574735,1.338654011609273,0.3636363636363636,0.02407329209045372,0.22752569696262417,20661
0.3,26,0.30758904851235375,0.7272727272727273,0.003874557949967491,1.5700442803936887,0.0,0.06780806109538214,0.36050312063218737,19510
0.5,26,0.3349077405066154,0.8636363636363636,0.0016520620652771564,1.3433211830026894,0.3636363636363636,0.22244827717765453,0.07290537190756288,20381
0.7,26,0.3070736190163399,0.8636363636363636,0.0030591825707531914,1.3851197075139998,0.1818181818181818,0.13835369363066696,0.19712244404186466,20172
0.0,27,0.2940358224316858,0.7272727272727273,0.006442502894655819,1.4007567613752463,0.2727272727272727,0.09671328334920268,0.3999029773906625,22191
0.1,27,0.3478021784577279,0.9090909090909091,0.000953157676580539,1.355737930880414,0.2727272727272727,0.24324821164732904,0.0523976907175687,21404
0.3,27,0.3145180481109228,0.7727272727272727,0.0017598533394134835,1.3133374676121659,0.1818181818181818,0.21912637165367813,0.10500824617716187,19313
0.5,27,0.32236671988644994,0.9090909090909091,0.0014904238420743524,1.723822018814813,0.2727272727272727,0.21394539410656951,0.09737253789328575,21048
0.7,27,0.3363009129289096,0.8181818181818182,0.001746353385687211,1.7117030624771086,0.1818181818181818,0.18225213195312293,0.09605628587264631,20053
0.0,28,0.3142439031149124,0.9090909090909091,0.0029758482766758577,1.524450069264639,0.3636363636363636,0.08361143636766384,0.1000946773635962,22212
0.1,28,0.3093111630352553,0.8636363636363636,0.0034520592866529153,1.5721594247297128,0.0,0.06437582162475844,0.43776925370310904,20486
0.3,28,0.309719481750216,0.8636363636363636,0.003747657820629977,1.676762697793887,0.2727272727272727,0.10782326002302414,0.2912382716887083,19868
0.5,28,0.33367234099700416,0.8181818181818182,0.0010584178433699714,1.4387220198515185,0.0909090909090909,0.26175313674978234,0.061165098273081656,20123
0.7,28,0.33558735713196347,0.7727272727272727,0.0017793338918083686,1.5175495500716658,0.1818181818181818,0.19745957056755165,0.07265452186446598,20456
0.0,29,0.29580228976550693,0.8181818181818182,0.0019255103974393764,1.2358669949296817,0.2727272727272727,0.21686804846459198,0.1326101897554294,19527
0.1,29,0.3405438923609558,0.9090909090909091,0.0023287608445325706,1.5666116040760487,0.1818181818181818,0.32627514511099676,0.0630233066543715,19187
0.3,29,0.31158119825095937,0.9090909090909091,0.0016628739499889875,1.3086276768274137,0.2727272727272727,0.21593215345766822,0.08875823701073363,20046
0.5,29,0.31607333720401476,0.8636363636363636,0.00149766781314113,1.5243572318936565,0.0909090909090909,0.2174053207287794,0.12447540186255049,19503
0.7,29,0.2839831428219309,0.8181818181818182,0.008891324201958824,1.237113402622296,0.1818181818181818,0.2176014227351741,0.5997140113791887,21916
