method,eps,exper,nmi,evc_overlap,evc_MAE,deg_kl,diam_rel,cc_rel,mod_rel,mat2_edges
PrivGraph,0.5,0,0.040498196294640076,0.15833333333333333,0.03379780279212694,12.684651913208288,0.6153846153846153,0.9628318894579214,0.6219203573192738,117002
PrivGraph,0.5,1,0.0368619389459201,0.3,0.02791803813468928,14.377437162390493,0.6153846153846153,0.9526661690842636,0.6013275999743799,118186
PrivGraph,0.5,2,0.03932725774748869,0.175,0.029808016270520977,17.422110959874768,0.6153846153846153,0.9602825136394733,0.6057307310428841,118390
PrivGraph,0.5,3,0.03603744654384833,0.15833333333333333,0.026164702785667404,15.903226680130148,0.6153846153846153,0.9596260128579911,0.6155542558122643,117904
PrivGraph,0.5,4,0.0386870218093926,0.15833333333333333,0.03492516431739352,16.153021318618364,0.6153846153846153,0.9654126043106491,0.6276377139641672,117231
PrivGraph,0.5,5,0.03837541156928172,0.4166666666666667,0.030667248518490498,8.470388555185131,0.6153846153846153,0.9011825948857193,0.5831484865045888,118032
PrivGraph,0.5,6,0.03662601530220208,0.175,0.030183465888481944,12.509825845433324,0.6153846153846153,0.9543524390991963,0.6049223403404335,117997
PrivGraph,0.5,7,0.03970409768422016,0.15,0.022260245896047873,16.106620908429967,0.6153846153846153,0.9631370062549846,0.6231911621156755,117956
PrivGraph,0.5,8,0.03853188498225138,0.125,0.017769277225595962,18.381752517817297,0.6153846153846153,0.9634668636801235,0.6218624431718078,116260
PrivGraph,0.5,9,0.03795095948139109,0.21666666666666667,0.0329184893868844,15.838442029243417,0.6153846153846153,0.9594080687033268,0.6142056854415725,116981
PrivGraph,1.0,0,0.05544774883225184,0.775,0.004631722380594174,3.3933975369400136,0.5384615384615384,0.2988776306321478,0.4313668067851393,117379
PrivGraph,1.0,1,0.04523923764130997,0.5833333333333334,0.019222487608995878,11.991050482842686,0.6153846153846153,0.6466630250440125,0.552398286971136,117804
PrivGraph,1.0,2,0.05491991367400661,0.9166666666666666,0.0026119187729421087,2.4156976468119313,0.46153846153846145,0.404558270407862,0.4064379250845002,117429
PrivGraph,1.0,3,0.05328957674855242,0.85,0.0020016638956827245,3.587608790555137,0.5384615384615384,0.22576737430638613,0.407529675534861,116387
PrivGraph,1.0,4,0.05324673662093186,0.9083333333333333,0.002752796833075073,2.399364685321359,0.5384615384615384,0.3928918052904094,0.39421743388753266,117417
PrivGraph,1.0,5,0.05574400911509182,0.75,0.005164785536060582,3.4578133837183977,0.5384615384615384,0.34953798260085517,0.4486197231557805,118901
PrivGraph,1.0,6,0.051105673767809175,0.9083333333333333,0.0025706197360999697,2.405286278527333,0.5384615384615384,0.38984731280531937,0.4117312458276845,117802
PrivGraph,1.0,7,0.05541469153101158,0.875,0.002103301111433244,3.124803720610417,0.5384615384615384,0.23204232560121274,0.3973609899125236,116603
PrivGraph,1.0,8,0.05010098388505503,0.7166666666666667,0.010634751640308733,3.500074672282741,0.5384615384615384,0.48902622239842863,0.4847228516664036,117412
PrivGraph,1.0,9,0.045932429484273396,0.7,0.00921593167097664,3.3474533408486717,0.5384615384615384,0.5336569531723411,0.4673875868539668,117461
PrivGraph,1.5,0,0.05352554678718496,0.95,0.0032620332543009944,1.8597951750443116,0.46153846153846145,0.46435371251284135,0.3873488043665934,117403
PrivGraph,1.5,1,0.052764350493644425,0.9416666666666667,0.003557909350052414,1.8647190516479268,0.46153846153846145,0.49224170599333966,0.3925890069678319,117013
PrivGraph,1.5,2,0.05675049806839802,0.9666666666666667,0.0034434677017347827,1.5460363900383196,0.46153846153846145,0.5140837965363391,0.38996960186921353,117167
PrivGraph,1.5,3,0.05843441782701288,0.9416666666666667,0.004316643091093666,1.5529585639835197,0.46153846153846145,0.5706655185867071,0.4230792954364506,117303
PrivGraph,1.5,4,0.055608750762853404,0.9416666666666667,0.004030902387117258,1.4659520118012503,0.46153846153846145,0.5514032366351184,0.39779808925891885,116771
PrivGraph,1.5,5,0.058679705821466234,0.925,0.0037737740556446327,1.6756328979131558,0.46153846153846145,0.544558641420782,0.40945540250615414,117491
PrivGraph,1.5,6,0.05603117843646321,0.9333333333333333,0.003449122956901619,1.7228174778652017,0.46153846153846145,0.5153164142359602,0.4077610238980504,117075
PrivGraph,1.5,7,0.0552567253981826,0.95,0.0037403975316193474,1.798218144111513,0.46153846153846145,0.5185400976036795,0.4046920138534412,117291
PrivGraph,1.5,8,0.057608238966369386,0.95,0.004202579303294222,1.5418028595664892,0.46153846153846145,0.5688814213257316,0.41734442118817094,117220
PrivGraph,1.5,9,0.05324887812456636,0.95,0.0029798573043728132,2.083935502328392,0.5384615384615384,0.4605085090077076,0.39984672742476746,117272
PrivGraph,2.0,0,0.0710338184442487,0.9333333333333333,0.0042842393353113815,0.8350533518335139,0.30769230769230765,0.5814466152785516,0.3464491707286225,115791
PrivGraph,2.0,1,0.07340441793414292,0.975,0.00466506926629765,1.0473520660847593,0.3846153846153846,0.6356809415462817,0.4387539156609285,116510
PrivGraph,2.0,2,0.06454836742291985,0.95,0.00410947087689377,1.1383944845052256,0.3846153846153846,0.5801639219791133,0.37470942324790973,116956
PrivGraph,2.0,3,0.06606165943971032,0.9666666666666667,0.004063850129526744,1.0148173053860379,0.3846153846153846,0.5665443146630001,0.3383406561857735,117191
PrivGraph,2.0,4,0.06317634271198475,0.9666666666666667,0.004258113728520033,0.9098559436846043,0.3846153846153846,0.598761825729554,0.37026715258872045,117495
PrivGraph,2.0,5,0.06756093731710769,0.95,0.004330327704151043,1.0521978876091513,0.3846153846153846,0.6063581779535021,0.4056443370973687,116994
PrivGraph,2.0,6,0.06791010064486798,0.95,0.004310809430148915,0.9501732122253301,0.3846153846153846,0.5958770136491884,0.38391239492104745,116787
PrivGraph,2.0,7,0.06867510722253387,0.95,0.004629691164338054,0.8740594593398672,0.3846153846153846,0.5917638159889129,0.3705218261563866,116772
PrivGraph,2.0,8,0.06500949261534539,0.975,0.0038851367725090584,0.9432995381194834,0.3846153846153846,0.5447995176696164,0.30952696369656485,115839
PrivGraph,2.0,9,0.06975131667590101,0.9333333333333333,0.004098720078348635,1.1176775041100406,0.3846153846153846,0.574134777509733,0.35424481744294123,116041
PrivGraph,2.5,0,0.07037985722117646,0.9333333333333333,0.003369200050768445,0.9404165467424318,0.3846153846153846,0.521833876030872,0.2862116387756068,116039
PrivGraph,2.5,1,0.07119855899524946,0.975,0.004368688655357005,0.6863302533976793,0.30769230769230765,0.575278553474011,0.3277946532022202,116977
PrivGraph,2.5,2,0.0805540409261958,0.9333333333333333,0.003083884460288479,0.6246392579272608,0.30769230769230765,0.4545423615326675,0.27773448505882314,116210
PrivGraph,2.5,3,0.06501564777980184,0.9416666666666667,0.0036899157230075395,0.9396262715408402,0.3846153846153846,0.5098252240728256,0.29505332611850754,116083
PrivGraph,2.5,4,0.06844937295491664,0.975,0.004000519001714831,0.8646209355103497,0.3846153846153846,0.5986352431280283,0.34551135531077687,117439
PrivGraph,2.5,5,0.08721241951902259,0.9083333333333333,0.003100669869509483,0.5529559421318773,0.30769230769230765,0.4012974376430781,0.28729772185599745,116340
PrivGraph,2.5,6,0.07276329860759305,0.9666666666666667,0.0042088853463160365,0.7579229635764002,0.30769230769230765,0.5774958515509614,0.3348935018202291,116429
PrivGraph,2.5,7,0.07331625078933203,0.85,0.003071800036330335,0.6852321692914312,0.3846153846153846,0.4115085702834673,0.284443019027885,116779
PrivGraph,2.5,8,0.06664310745227574,0.9333333333333333,0.00339426176580193,0.8858584182228874,0.3846153846153846,0.549955314064368,0.3155511399262528,115191
PrivGraph,2.5,9,0.06238107172368152,0.95,0.004398666851471165,0.8605321007303451,0.3846153846153846,0.6204668528076158,0.37794871240015504,117157
PrivGraph,3.0,0,0.06849339400079728,0.95,0.003431785398080469,0.6639565091127166,0.3846153846153846,0.52633654713117,0.2828330286337282,117190
PrivGraph,3.0,1,0.08337282083460013,0.9416666666666667,0.0033155952570947736,0.6263727639495563,0.30769230769230765,0.5107623960485013,0.28002057135353225,117056
PrivGraph,3.0,2,0.07313097731215394,0.9583333333333334,0.004312643773283193,0.8094446459790803,0.30769230769230765,0.5754385217220686,0.3073484703726503,116951
PrivGraph,3.0,3,0.07795572516102602,0.8416666666666667,0.0026292286113276508,0.649512973991833,0.3846153846153846,0.34835889220078553,0.2579195500627664,116524
PrivGraph,3.0,4,0.07264280464626467,0.9333333333333333,0.0034190760761748837,0.760908718801905,0.3846153846153846,0.5448698081005766,0.2911361726569973,117438
PrivGraph,3.0,5,0.07539385434751462,0.8833333333333333,0.0025817400751491156,0.642048141401124,0.30769230769230765,0.3654721580618911,0.2963165678980365,116760
PrivGraph,3.0,6,0.08401644903706906,0.9416666666666667,0.0036335216125673395,0.5528878096373782,0.3846153846153846,0.5496888996924825,0.3023292951618172,117512
PrivGraph,3.0,7,0.06800865323392526,0.9083333333333333,0.003819856795071833,0.9189571017198679,0.3846153846153846,0.6091423995490756,0.3339521847994777,117798
PrivGraph,3.0,8,0.07392028843034515,0.9583333333333334,0.003555408540427493,0.8669299193024133,0.3846153846153846,0.5638354183746499,0.28979297623583733,116319
PrivGraph,3.0,9,0.07736488273711337,0.9333333333333333,0.004174952119844076,0.7908025077446083,0.30769230769230765,0.546923966436691,0.2904954758132523,117205
PrivGraph,3.5,0,0.0882527748001806,0.8916666666666667,0.0032795095581707517,0.4851268166162811,0.30769230769230765,0.4364718357286643,0.2948897880289102,117070
PrivGraph,3.5,1,0.0835269111566366,0.85,0.002755838873392021,0.7856310501549593,0.3846153846153846,0.4045775377112007,0.27324474009976546,117126
PrivGraph,3.5,2,0.09422032411868948,0.875,0.0027972246942559727,0.5349465066332926,0.30769230769230765,0.3877072492330507,0.29448934527697157,116961
PrivGraph,3.5,3,0.09134599300373625,0.8333333333333334,0.0025343597475432655,0.5462153468165123,0.30769230769230765,0.34859263765505905,0.315701762240535,115054
PrivGraph,3.5,4,0.08315471804196001,0.8916666666666667,0.0030298304500732238,0.5029508583851902,0.23076923076923073,0.4259782141427022,0.299622431842379,117147
PrivGraph,3.5,5,0.08640904199986384,0.9166666666666666,0.003038162985984723,0.5601185355078218,0.23076923076923073,0.4321981640175879,0.25942329829242694,116496
PrivGraph,3.5,6,0.08253504753668635,0.85,0.0021719592931505253,0.6138040094578441,0.30769230769230765,0.33741396748581365,0.32369242334875126,115488
PrivGraph,3.5,7,0.09122976903785283,0.825,0.002249229757179333,0.5750321866027611,0.30769230769230765,0.3171386818264333,0.32450540462699856,115548
PrivGraph,3.5,8,0.08595693324339808,0.8166666666666667,0.002293535678970875,0.5588820562236361,0.30769230769230765,0.3755618218571152,0.3330770184070574,117244
PrivGraph,3.5,9,0.08229200998304935,0.8666666666666667,0.002785172195253469,0.6698088960045554,0.30769230769230765,0.36513784707119845,0.2682105984569145,116686
Ours-Full,0.5,0,0.39921605586099673,0.31666666666666665,0.035359428764926266,2.492761094557023,0.15384615384615383,0.4131387333322378,0.2851996946807533,16109
Ours-Full,0.5,1,0.40616858140780815,0.275,0.033924234375209666,2.678035372085516,0.15384615384615383,0.5506924055534581,0.3393395767365834,15323
Ours-Full,0.5,2,0.4052733587731025,0.45,0.024343687500162425,2.7039255911463966,0.46153846153846145,0.3122351235397251,0.08030295701293784,17738
Ours-Full,0.5,3,0.3999966882397198,0.10833333333333334,0.036441270812001804,2.9562603403243686,0.15384615384615383,0.6145578485341088,0.38159106413142646,13655
Ours-Full,0.5,4,0.39978299316110133,0.15833333333333333,0.050108316633970355,3.3095330875058475,0.15384615384615383,0.5982553481206018,0.39331949595545174,11478
Ours-Full,0.5,5,0.40771462442180856,0.2,0.031117989377745667,2.6214045192315067,0.30769230769230765,0.6450292666791491,0.34730237328193675,16255
Ours-Full,0.5,6,0.40458197473218477,0.15,0.03815625960891398,2.815081544206786,0.15384615384615383,0.6158876599511102,0.39241478856741463,13251
Ours-Full,0.5,7,0.40341546405775686,0.25,0.03139506132979827,2.759511662444899,0.15384615384615383,0.6184782724851283,0.3456391885638169,15005
Ours-Full,0.5,8,0.401902701077313,0.16666666666666666,0.03917185866201058,2.6772622947343026,0.23076923076923073,0.6044654919690108,0.36509759006115383,14398
Ours-Full,0.5,9,0.40000794832765907,0.13333333333333333,0.04205466082502911,3.381573629650582,0.30769230769230765,0.5920559870644518,0.4025226205794545,11651
Ours-Full,1.0,0,0.4108348267156265,0.8666666666666667,0.002671964600278015,1.8534118406484024,0.15384615384615383,0.22482842153188,0.5757821658734196,48452
Ours-Full,1.0,1,0.4144715723891089,0.9166666666666666,0.002794041613807035,1.5419075454260553,0.0,0.31572265321678883,0.5845449963761135,54197
Ours-Full,1.0,2,0.4068570350166816,0.7416666666666667,0.005989329619720642,2.9047785846597773,0.23076923076923073,0.06175046046860916,0.3769111497166593,34513
Ours-Full,1.0,3,0.4154030762558007,0.8916666666666667,0.0021975896222170203,1.6342105678763708,0.15384615384615383,0.1698682242378563,0.5875814599705702,48674
Ours-Full,1.0,4,0.41956262566082564,0.9166666666666666,0.0026888090772336968,1.721536258512536,0.15384615384615383,0.18933447254743635,0.5690390156742334,50404
Ours-Full,1.0,5,0.41070102803771896,0.7916666666666666,0.006692656379242325,2.5745105707249953,0.15384615384615383,0.05809043741238025,0.37584978893324533,35646
Ours-Full,1.0,6,0.4156372552320346,0.8916666666666667,0.0024685338608222587,1.6079021913794964,0.07692307692307691,0.20453804446513474,0.5437124798086601,51758
Ours-Full,1.0,7,0.4188186212047746,0.9083333333333333,0.002551505296140196,1.5952482983433207,0.15384615384615383,0.29487864671773695,0.6478728874725496,53513
Ours-Full,1.0,8,0.41385984879044063,0.85,0.0024097193590742025,2.0553943588644596,0.07692307692307691,0.10077346284883092,0.5152476326831659,45742
Ours-Full,1.0,9,0.40670542523195613,0.5583333333333333,0.018653730841415046,2.754852314743266,0.23076923076923073,0.1956422414312131,0.04941496379845279,24110
Ours-Full,1.5,0,0.40396856781468327,0.95,0.0033655337032353397,1.3201735976635538,0.07692307692307691,0.4230086020812324,0.6620221386731392,61165
Ours-Full,1.5,1,0.40635996619179743,0.9666666666666667,0.004025609838755496,1.3741635842912205,0.15384615384615383,0.5270087416364926,0.7235909006466585,68098
Ours-Full,1.5,2,0.40537690387591846,0.95,0.003890464573488564,1.3018362191757515,0.15384615384615383,0.4348604939495762,0.6192147745531519,64047
Ours-Full,1.5,3,0.4148709346677885,0.95,0.0037924102773237963,1.4337869554708704,0.15384615384615383,0.41145955590410827,0.6442057003601857,61588
Ours-Full,1.5,4,0.4128808408013604,0.9583333333333334,0.0034933187714877097,1.336580295501785,0.15384615384615383,0.38771454612033474,0.5780112645062078,62680
Ours-Full,1.5,5,0.4092358090778646,0.9333333333333333,0.003471498432603112,1.4826127866489998,0.30769230769230765,0.32792543617718267,0.6540353264677561,55228
Ours-Full,1.5,6,0.41225251165381344,0.9416666666666667,0.00413625614372856,1.317916662796815,0.15384615384615383,0.4681396569931081,0.7040554946099754,64298
Ours-Full,1.5,7,0.4060585199902806,0.9333333333333333,0.00457480449932657,1.312780252414553,0.15384615384615383,0.5262859780338038,0.7236451549780527,66839
Ours-Full,1.5,8,0.40542830515177,0.95,0.004437765970195321,1.2952726379656854,0.15384615384615383,0.5239732798422606,0.7280751527972484,67111
Ours-Full,1.5,9,0.4055908380104942,0.9583333333333334,0.004286241346195125,1.3021730219965366,0.15384615384615383,0.506197661790735,0.7230537729886765,66034
Ours-Full,2.0,0,0.4047919442818781,0.9583333333333334,0.004397444677406494,1.1863915781849923,0.07692307692307691,0.5383318867941955,0.5806700167029142,73277
Ours-Full,2.0,1,0.40955336788892743,0.9583333333333334,0.0046663958381215455,1.0925381840781772,0.07692307692307691,0.5502176030521203,0.4958289398253882,77745
Ours-Full,2.0,2,0.39882686236232534,0.9666666666666667,0.004360252847646471,1.0511383984251719,0.07692307692307691,0.4944234167042795,0.3865557222376839,75816
Ours-Full,2.0,3,0.3979013701249661,0.9416666666666667,0.0029830693075004557,1.0820168473399663,0.07692307692307691,0.42194006269944734,0.26670995992010266,76449
Ours-Full,2.0,4,0.39913697406628323,0.95,0.004603516853577561,0.9697708352508303,0.23076923076923073,0.577518313102781,0.48526431793244706,80534
Ours-Full,2.0,5,0.39794371522353744,0.9333333333333333,0.00461433896011729,1.0394233963569173,0.0,0.5701658072997945,0.5089720866080802,79128
Ours-Full,2.0,6,0.38929278233878317,0.9416666666666667,0.004789162293412443,1.079992512391641,0.07692307692307691,0.6224623425537049,0.7224285887320927,76533
Ours-Full,2.0,7,0.4039787354470747,0.9583333333333334,0.004316978218050852,1.0795791951010307,0.0,0.48669567134689956,0.3531659983284993,78470
Ours-Full,2.0,8,0.4008089111545377,0.9416666666666667,0.005086391076553556,1.0961523959275226,0.0,0.61004066680472,0.7035108191121042,77323
Ours-Full,2.0,9,0.41022018839505064,0.975,0.004064959813184436,1.150663386362025,0.07692307692307691,0.4919974745745149,0.46921028357040473,73624
Ours-Full,2.5,0,0.37251135401552765,0.95,0.003197210977826889,0.8496156115209731,0.30769230769230765,0.4662972717057606,0.20991639874309176,86783
Ours-Full,2.5,1,0.39680629350083385,0.9166666666666666,0.0034615399287988907,0.9941407459983742,0.07692307692307691,0.5000058616820723,0.3241903523611545,79735
Ours-Full,2.5,2,0.38941687365448885,0.9666666666666667,0.0036732405130714954,0.9046481361110057,0.23076923076923073,0.5159375439089944,0.2767769327024307,84371
Ours-Full,2.5,3,0.3891678620180277,0.9416666666666667,0.004794895178676799,0.9101057783173725,0.0,0.5646877111067093,0.3781175764173976,83912
Ours-Full,2.5,4,0.39847662319060706,0.9583333333333334,0.004612700594467278,1.0566548816876353,0.07692307692307691,0.554232602743772,0.4890380487852751,78367
Ours-Full,2.5,5,0.3982458123384482,0.9416666666666667,0.003545954572567219,0.9889150086723046,0.07692307692307691,0.4750682838049645,0.27530571756468675,80362
Ours-Full,2.5,6,0.3732069681359913,0.95,0.0031625082693383616,0.815732987511685,0.07692307692307691,0.4860819350899104,0.24501149357850913,87347
Ours-Full,2.5,7,0.39950154244924063,0.95,0.0038670864314317233,0.9387575902742645,0.07692307692307691,0.4974804528253502,0.29284791743260474,80499
Ours-Full,2.5,8,0.38367047053010783,0.8833333333333333,0.0028813965191814284,0.822847327687995,0.07692307692307691,0.4391982949809463,0.23841129771930666,90575
Ours-Full,2.5,9,0.3782653990912903,0.8666666666666667,0.0027691664428073294,0.9181280561763899,0.30769230769230765,0.3860629758386624,0.1312284062874956,84877
Ours-Full,3.0,0,0.3627359349217622,0.9333333333333333,0.004022731060582904,0.7795760767923263,0.30769230769230765,0.5521814375036421,0.26971432915069354,88686
Ours-Full,3.0,1,0.38142085833023076,0.875,0.0024700807263070886,0.8823986840477482,0.0,0.429257749951958,0.25828553195044573,91852
Ours-Full,3.0,2,0.37899703377198696,0.9666666666666667,0.003930869247925932,0.8804586897193593,0.23076923076923073,0.49655713551591213,0.24137135563904238,85733
Ours-Full,3.0,3,0.3741943917719979,0.8916666666666667,0.0029003401423385055,0.7991222077366016,0.07692307692307691,0.44206564059771464,0.23925998360271072,92196
Ours-Full,3.0,4,0.38548885994377113,0.9,0.0029904301158750423,0.9434932672093732,0.23076923076923073,0.3928885616403672,0.15701566894473903,83917
Ours-Full,3.0,5,0.37996264285676656,0.8916666666666667,0.0024824904449650916,0.8737075890451054,0.30769230769230765,0.4018529973421128,0.19765639031000742,87372
Ours-Full,3.0,6,0.36362885573073156,0.9333333333333333,0.002769304810734176,0.7968161889170251,0.30769230769230765,0.4869149144056626,0.18506561276131825,89235
Ours-Full,3.0,7,0.3792872873597694,0.9166666666666666,0.003288209316339342,0.9283904377822211,0.0,0.46257440545350365,0.19459910013007495,84885
Ours-Full,3.0,8,0.39699210158836906,0.9083333333333333,0.0027638270101514504,0.9596410110993616,0.07692307692307691,0.3695869821427072,0.15938759374812153,82710
Ours-Full,3.0,9,0.36019297426564295,0.9166666666666666,0.0039939775678160235,0.754182245734777,0.15384615384615383,0.5289074842331769,0.24357654936950834,85781
Ours-Full,3.5,0,0.32820866059185233,0.8833333333333333,0.003234423699784227,0.6372470615733913,0.30769230769230765,0.5244095872170864,0.25459966317742894,98904
Ours-Full,3.5,1,0.35817174125234486,0.7416666666666667,0.002088404918906924,0.8063761760047345,0.3846153846153846,0.4498351449202192,0.29603983914240295,95095
Ours-Full,3.5,2,0.36736119461995587,0.95,0.0029701524595852195,0.7668248034843095,0.23076923076923073,0.5343280060613557,0.2492977277214827,94144
Ours-Full,3.5,3,0.36462827963787975,0.9416666666666667,0.004296406433947988,0.7609113917780622,0.0,0.5618345316249095,0.2872971439382519,91500
Ours-Full,3.5,4,0.37413201961453146,0.925,0.0023479993055116498,0.8290180520378958,0.15384615384615383,0.4010879623330581,0.23410236331375256,90449
Ours-Full,3.5,5,0.3581519298625642,0.8833333333333333,0.0029424950185509813,0.7937306539494275,0.23076923076923073,0.46408396431919563,0.205260713222624,91222
Ours-Full,3.5,6,0.356596261259289,0.8416666666666667,0.002386184719115096,0.7753983411620395,0.3846153846153846,0.47094175967829416,0.2816577275379164,95175
Ours-Full,3.5,7,0.36273456943908017,0.9083333333333333,0.0031782563699937092,0.745551876626236,0.23076923076923073,0.4543166004392357,0.21230917713541864,91198
Ours-Full,3.5,8,0.3344598585930446,0.9083333333333333,0.0030580993090511058,0.6703727615666457,0.30769230769230765,0.5395164237156796,0.2550145165565417,97934
Ours-Full,3.5,9,0.3655877864947672,0.9,0.003344839689097716,0.7959867142204881,0.30769230769230765,0.46234459850587456,0.18596623930630665,92035
