dataset,scheme,e1_r,e2_r,e3_r,epsilon,rep,nmi,evc_overlap,evc_mae,deg_kl,diam_rel,cc_rel,mod_rel,edges,comm_n,time_sec,timestamp
Enron,A_default,0.3333333333333333,0.3333333333333333,0.3333333333333334,2.0,1,0.341070989176577,0.7023809523809523,0.005293177156338353,1.3736982491297947,0.0,2.018938672689395,0.29190116024750196,167342,12,362.76,2026-05-12 10:03:24
Enron,A_default,0.3333333333333333,0.3333333333333333,0.3333333333333334,2.0,2,0.3283472857445198,0.5595238095238095,0.007899348398721615,1.491568589911695,0.15384615384615383,3.4482954723010337,0.4077337836704928,144611,18,380.38,2026-05-12 10:03:41
Enron,A_default,0.3333333333333333,0.3333333333333333,0.3333333333333334,2.0,0,0.3421085925440296,0.6160714285714286,0.005872775511556159,1.434849727293827,0.0,2.6313368877053347,0.33086743791229223,155717,14,386.4,2026-05-12 10:03:47
Enron,A_default,0.3333333333333333,0.3333333333333333,0.3333333333333334,2.0,3,0.3467282707078265,0.6369047619047619,0.005779802951587166,1.414603436339329,0.23076923076923073,2.4500540629291656,0.26891575244914306,150911,14,132.58,2026-05-12 10:05:36
Enron,A_default,0.3333333333333333,0.3333333333333333,0.3333333333333334,2.0,4,0.3516047283022499,0.7976190476190477,0.004202247771305795,1.4814124082922702,0.07692307692307691,2.031104135023833,0.16482006903667534,160570,14,345.09,2026-05-12 10:09:26
Enron,A_default,0.3333333333333333,0.3333333333333333,0.3333333333333334,2.0,5,0.3233192515634288,0.40476190476190477,0.008448513584173303,1.4882344797110925,0.15384615384615383,3.4182334879676,0.4584308432042534,146679,18,369.16,2026-05-12 10:09:56
Enron,A_default,0.3333333333333333,0.3333333333333333,0.3333333333333334,2.0,6,0.33884790822150646,0.5476190476190477,0.00591140115131603,1.3487611067569285,0.0,2.1970010544553586,0.34092081495779425,163302,13,292.01,2026-05-12 10:10:28
Enron,A_default,0.3333333333333333,0.3333333333333333,0.3333333333333334,2.0,7,0.3496814041091745,0.8125,0.004808065591943335,1.4154989565432996,0.07692307692307691,2.025141241058674,0.22742888979326994,167983,12,132.96,2026-05-12 10:11:39
Enron,A_default,0.3333333333333333,0.3333333333333333,0.3333333333333334,2.0,8,0.353580690431293,0.7738095238095238,0.004039313942131815,1.4850446607785228,0.07692307692307691,1.9564573062892272,0.15937818322623215,162228,13,138.51,2026-05-12 10:12:15
Enron,A_default,0.3333333333333333,0.3333333333333333,0.3333333333333334,2.0,9,0.35432518498179894,0.7857142857142857,0.0041963574262823605,1.4496511554900606,0.0,2.0534674486919773,0.14509963384857075,161564,13,135.06,2026-05-12 10:12:43
Enron,B_aggressive,0.2,0.6,0.20000000000000007,2.0,0,0.35612991683258693,0.6666666666666666,0.004394709342538899,1.606701831826485,0.07692307692307691,2.512527191990314,0.1213000120648999,122853,18,129.54,2026-05-12 10:13:49
Enron,B_aggressive,0.2,0.6,0.20000000000000007,2.0,1,0.3538855254104167,0.6934523809523809,0.005226609571491766,1.6362841915017567,0.07692307692307691,2.7835925173621052,0.26377274167859327,144486,16,129.06,2026-05-12 10:14:24
Enron,B_aggressive,0.2,0.6,0.20000000000000007,2.0,2,0.36169595766936274,0.6428571428571429,0.003933068181622655,1.5942269916884397,0.0,1.8782924995426682,0.015807561625713756,122116,17,127.05,2026-05-12 10:14:50
Enron,B_aggressive,0.2,0.6,0.20000000000000007,2.0,3,0.3573172931101637,0.7619047619047619,0.00411090497407873,1.5497154270013027,0.07692307692307691,2.0952995401028365,0.06428132148646604,132036,18,126.69,2026-05-12 10:15:55
Enron,B_aggressive,0.2,0.6,0.20000000000000007,2.0,4,0.3611789003980541,0.7648809523809523,0.0036559932847021696,1.595774378872774,0.15384615384615383,1.7718860661128186,0.08198686920693926,124355,20,130.45,2026-05-12 10:16:34
Enron,B_aggressive,0.2,0.6,0.20000000000000007,2.0,5,0.34321536987873363,0.4851190476190476,0.0053164098387761035,1.6008367039275633,0.07692307692307691,3.432424421977415,0.4004571015931837,122906,21,132.07,2026-05-12 10:17:02
Enron,B_aggressive,0.2,0.6,0.20000000000000007,2.0,6,0.35604093033317125,0.5208333333333334,0.004840613035491119,1.526394340213143,0.07692307692307691,2.5763811841566966,0.2559520230047874,136202,17,127.84,2026-05-12 10:18:03
Enron,B_aggressive,0.2,0.6,0.20000000000000007,2.0,7,0.35821436491753944,0.7529761904761905,0.004168255894910303,1.5620415237095837,0.0,2.0296204535652516,0.021247759129305314,126007,20,127.07,2026-05-12 10:18:41
Enron,B_aggressive,0.2,0.6,0.20000000000000007,2.0,8,0.3568486056513748,0.7470238095238095,0.0035558334126829577,1.5534950798486564,0.15384615384615383,2.030194467238632,0.0650762431625788,135222,18,131.49,2026-05-12 10:19:14
Enron,B_aggressive,0.2,0.6,0.20000000000000007,2.0,9,0.3638907760275763,0.7827380952380952,0.00301858881666653,1.5789451222245332,0.07692307692307691,1.5822213519160044,0.10922359148682988,136918,18,136.47,2026-05-12 10:20:20
Enron,C_balanced,0.25,0.5,0.25,2.0,0,0.36811398682600177,0.8154761904761905,0.002508364464413438,1.4949521925237086,0.07692307692307691,1.3641782259271567,0.13422586051059535,146938,14,135.22,2026-05-12 10:20:57
Enron,C_balanced,0.25,0.5,0.25,2.0,1,0.36141917547032504,0.8095238095238095,0.0031965328712108922,1.550740618371685,0.15384615384615383,1.8172940228071925,0.017743206866982532,145824,17,133.33,2026-05-12 10:21:27
Enron,C_balanced,0.25,0.5,0.25,2.0,2,0.3584275722193082,0.7976190476190477,0.003466738372003941,1.4668034209872198,0.07692307692307691,1.888101901796693,0.11242165439188744,155598,13,190.11,2026-05-12 10:23:30
Enron,C_balanced,0.25,0.5,0.25,2.0,3,0.367755355168234,0.8333333333333334,0.0020608446294554028,1.515794075238709,0.23076923076923073,1.2356183515510204,0.14340592370073377,150777,14,334.43,2026-05-12 10:26:31
Enron,C_balanced,0.25,0.5,0.25,2.0,4,0.346313665140107,0.49404761904761907,0.0056460966809900055,1.4737575284782782,0.0,2.651223082450933,0.2931797892166879,139167,16,351.69,2026-05-12 10:27:19
Enron,C_balanced,0.25,0.5,0.25,2.0,5,0.3623196893865167,0.7976190476190477,0.0026029598252048747,1.4847055275399856,0.07692307692307691,1.6136534375974476,0.04750297868644318,158826,13,256.26,2026-05-12 10:27:46
Enron,C_balanced,0.25,0.5,0.25,2.0,6,0.364122695262672,0.7857142857142857,0.0027961355325039094,1.5320514596071617,0.07692307692307691,1.597483598371132,0.08176279971631085,144146,15,138.32,2026-05-12 10:28:49
Enron,C_balanced,0.25,0.5,0.25,2.0,7,0.3655920940176666,0.8392857142857143,0.002802480300900511,1.4954914161326005,0.07692307692307691,1.5535761273209296,0.08018149179321578,148716,14,134.04,2026-05-12 10:29:33
Enron,C_balanced,0.25,0.5,0.25,2.0,8,0.3685421883291459,0.8154761904761905,0.0022891139703171684,1.5672536382068063,0.07692307692307691,1.2269184444880046,0.22989934482144225,140080,17,133.86,2026-05-12 10:30:00
Enron,C_balanced,0.25,0.5,0.25,2.0,9,0.35766822499766365,0.7797619047619048,0.003968453304641602,1.4461124404655392,0.07692307692307691,1.8535329849683826,0.15407652241456107,158931,12,134.34,2026-05-12 10:31:04
Enron,D_save_e3,0.15,0.55,0.29999999999999993,2.0,0,0.3504292751274604,0.7172619047619048,0.004317943349919066,1.534546996752364,0.0,2.280962079195679,0.20014934775807142,153031,17,133.96,2026-05-12 10:31:47
Enron,D_save_e3,0.15,0.55,0.29999999999999993,2.0,1,0.35224029121401473,0.7410714285714286,0.004746462831453473,1.5969486346424282,0.0,2.4810518113560205,0.1642334779361686,142181,19,132.87,2026-05-12 10:32:13
Enron,D_save_e3,0.15,0.55,0.29999999999999993,2.0,2,0.33757335491827245,0.5684523809523809,0.006360182926348843,1.4326282561078676,0.07692307692307691,2.95989047660828,0.3582449655163012,140274,18,135.04,2026-05-12 10:33:19
Enron,D_save_e3,0.15,0.55,0.29999999999999993,2.0,3,0.3492448955004161,0.7827380952380952,0.005446674507813312,1.5657939319357088,0.0,2.548001556575329,0.1688924617092126,131377,23,137.6,2026-05-12 10:34:04
Enron,D_save_e3,0.15,0.55,0.29999999999999993,2.0,4,0.35317220261042975,0.7708333333333334,0.0034279204804525173,1.478292732001316,0.07692307692307691,1.979794407118368,0.13510737252645846,150267,17,135.42,2026-05-12 10:34:28
Enron,D_save_e3,0.15,0.55,0.29999999999999993,2.0,5,0.34228307095545174,0.6071428571428571,0.006326152806449663,1.5422904314462464,0.15384615384615383,3.1342453557157985,0.3235620272602518,133797,20,130.91,2026-05-12 10:35:30
Enron,D_save_e3,0.15,0.55,0.29999999999999993,2.0,6,0.34711072068975796,0.7291666666666666,0.00486496611877022,1.5117735906438292,0.15384615384615383,2.3936239052676815,0.243452302836677,151919,18,133.7,2026-05-12 10:36:18
Enron,D_save_e3,0.15,0.55,0.29999999999999993,2.0,7,0.3476198671973149,0.6458333333333334,0.0048574634382049,1.591064325284683,0.15384615384615383,2.8420653623378125,0.2280702846963216,141847,19,132.87,2026-05-12 10:36:41
Enron,D_save_e3,0.15,0.55,0.29999999999999993,2.0,8,0.35680694467805196,0.7113095238095238,0.003911431848214451,1.5465383945230609,0.07692307692307691,2.081620738911941,0.1004534700223741,140888,19,131.19,2026-05-12 10:37:41
Enron,D_save_e3,0.15,0.55,0.29999999999999993,2.0,9,0.3561395419353104,0.75,0.0039571693809661536,1.5334363147893237,0.15384615384615383,2.0651319525758964,0.07476813901974629,137799,19,131.75,2026-05-12 10:38:30
Enron,E_low_e1,0.1,0.45,0.45,2.0,0,0.32278163760117273,0.36607142857142855,0.007554742792081886,1.384759752835338,0.15384615384615383,3.2646693685655794,0.4575258249710868,151232,20,134.83,2026-05-12 10:38:56
Enron,E_low_e1,0.1,0.45,0.45,2.0,1,0.32151644139695534,0.40773809523809523,0.010035796569663115,1.4485453806192707,0.30769230769230765,3.4469917867845496,0.47104595425649337,144521,20,132.06,2026-05-12 10:39:53
Enron,E_low_e1,0.1,0.45,0.45,2.0,2,0.3354478753278863,0.5684523809523809,0.007044968525159219,1.5181294030165413,0.15384615384615383,3.116102409984324,0.372290314014394,142595,21,128.47,2026-05-12 10:40:38
Enron,E_low_e1,0.1,0.45,0.45,2.0,3,0.3251142966513787,0.5297619047619048,0.007537314808489908,1.464042876585268,0.15384615384615383,3.2860865998529745,0.41932698104747845,152358,20,128.9,2026-05-12 10:41:05
Enron,E_low_e1,0.1,0.45,0.45,2.0,4,0.32524755868382166,0.45535714285714285,0.008370212547943697,1.3946503060216546,0.15384615384615383,3.51251668842475,0.4500282566187551,144349,22,126.66,2026-05-12 10:42:00
Enron,E_low_e1,0.1,0.45,0.45,2.0,5,0.3394960632821951,0.7261904761904762,0.005084973969477287,1.4183589167712223,0.15384615384615383,2.551498510411447,0.2793041359131293,153944,19,131.25,2026-05-12 10:42:50
Enron,E_low_e1,0.1,0.45,0.45,2.0,6,0.33512863113806296,0.6785714285714286,0.006521820571739496,1.4457666012478336,0.07692307692307691,2.7935119181419306,0.35590310312413953,156905,18,131.03,2026-05-12 10:43:16
Enron,E_low_e1,0.1,0.45,0.45,2.0,7,0.34072674303399014,0.7261904761904762,0.006128936632437888,1.499748198759763,0.23076923076923073,2.912145248480794,0.3317455909756555,153271,20,129.41,2026-05-12 10:44:09
Enron,E_low_e1,0.1,0.45,0.45,2.0,8,0.31731642781567165,0.38392857142857145,0.00971081098614692,1.464517148010164,0.23076923076923073,3.6196150523120028,0.48671748441965573,146032,21,126.1,2026-05-12 10:44:56
Enron,E_low_e1,0.1,0.45,0.45,2.0,9,0.3393507657763254,0.7202380952380952,0.005977841016710947,1.4830731237665182,0.0,2.9022027620029616,0.3152401069051421,151063,20,126.68,2026-05-12 10:45:23
Enron,F_e2_heavy,0.2,0.5,0.30000000000000004,2.0,0,0.3525489825782071,0.7559523809523809,0.004315354033153808,1.550378772017298,0.0,2.248120305521809,0.13690087759627373,141200,20,127.39,2026-05-12 10:46:16
Enron,F_e2_heavy,0.2,0.5,0.30000000000000004,2.0,1,0.34892940179547133,0.75,0.004804613339007856,1.5071264580481627,0.23076923076923073,2.3006055692321654,0.17094613226457117,142595,17,129.16,2026-05-12 10:47:05
Enron,F_e2_heavy,0.2,0.5,0.30000000000000004,2.0,2,0.35345832219507667,0.75,0.00406002575898116,1.5374530710594903,0.0,2.138424967554254,0.13388714432765728,146843,17,134.71,2026-05-12 10:47:37
Enron,F_e2_heavy,0.2,0.5,0.30000000000000004,2.0,3,0.35001767206063666,0.7261904761904762,0.004496678405661891,1.538955786862356,0.0,2.3693399503758132,0.17820955118783244,145478,17,134.56,2026-05-12 10:48:31
Enron,F_e2_heavy,0.2,0.5,0.30000000000000004,2.0,4,0.3398948564492182,0.6101190476190477,0.005742731862761275,1.5229490008641224,0.07692307692307691,2.7935045074004043,0.3452124041756174,150805,19,138.86,2026-05-12 10:49:24
Enron,F_e2_heavy,0.2,0.5,0.30000000000000004,2.0,5,0.3371367212481302,0.5297619047619048,0.005985945157563626,1.4435605098267554,0.0,3.162035906213575,0.4051904938993417,145475,17,134.94,2026-05-12 10:49:52
Enron,F_e2_heavy,0.2,0.5,0.30000000000000004,2.0,6,0.3350141489577602,0.43154761904761907,0.006496760448113633,1.4260278182519663,0.0,3.208595791652472,0.4145160203747471,147240,17,129.44,2026-05-12 10:50:40
Enron,F_e2_heavy,0.2,0.5,0.30000000000000004,2.0,7,0.33936993269973403,0.40476190476190477,0.007258602090738255,1.447408936728891,0.0,2.9712691243897504,0.3563304400233816,128363,19,123.25,2026-05-12 10:51:27
Enron,F_e2_heavy,0.2,0.5,0.30000000000000004,2.0,8,0.34066854460894347,0.5892857142857143,0.005873865816057724,1.4811521002172465,0.07692307692307691,2.869688343785986,0.3474837012618375,146785,17,127.06,2026-05-12 10:51:59
Enron,F_e2_heavy,0.2,0.5,0.30000000000000004,2.0,9,0.3565331986825989,0.7589285714285714,0.004280938758522808,1.54115249693704,0.0,2.2773402758044132,0.10377339156086762,136637,18,115.72,2026-05-12 10:52:36
Enron,A_default,0.3333333333333333,0.3333333333333333,0.3333333333333334,0.5,0,0.32682674529338857,0.03273809523809524,0.02885347730246447,2.306511295844678,0.6923076923076922,6.136266051374163,0.478463828692033,48123,22,373.01,2026-05-12 14:01:46
Enron,A_default,0.3333333333333333,0.3333333333333333,0.3333333333333334,0.5,1,0.331571050501484,0.023809523809523808,0.015507251298442094,2.013426973270028,0.5384615384615384,5.952132983118182,0.45480342623251335,62268,20,383.61,2026-05-12 14:01:57
Enron,A_default,0.3333333333333333,0.3333333333333333,0.3333333333333334,0.5,2,0.3280557024963839,0.041666666666666664,0.017652836811085173,1.9438201073865833,0.6153846153846153,5.8772477532131635,0.46520900983583896,58847,22,383.84,2026-05-12 14:01:58
Enron,A_default,0.3333333333333333,0.3333333333333333,0.3333333333333334,0.5,3,0.328541470132097,0.041666666666666664,0.02423966564277997,2.057168311884454,0.6153846153846153,6.037425350756875,0.46953794838191454,54463,22,245.71,2026-05-12 14:05:52
Enron,A_default,0.3333333333333333,0.3333333333333333,0.3333333333333334,0.5,5,0.32881184012343023,0.03869047619047619,0.01689122699722621,2.052845712831083,0.6153846153846153,5.898115289165197,0.4670372345278048,46431,23,349.77,2026-05-12 14:07:47
Enron,A_default,0.3333333333333333,0.3333333333333333,0.3333333333333334,0.5,4,0.32833874241783045,0.047619047619047616,0.023898459727102996,1.983741553519114,0.6153846153846153,5.694678632410035,0.464131458669289,52976,23,355.97,2026-05-12 14:07:53
Enron,A_default,0.3333333333333333,0.3333333333333333,0.3333333333333334,0.5,6,0.3269567846670107,0.05357142857142857,0.023955146991924477,1.9860799032305385,0.6923076923076922,5.778874219552336,0.4423614012620954,50019,22,157.5,2026-05-12 14:08:30
Enron,A_default,0.3333333333333333,0.3333333333333333,0.3333333333333334,0.5,8,0.3285400563140932,0.03869047619047619,0.021145290545423252,2.03144335368169,0.46153846153846145,5.839066139537467,0.44186600553792155,53287,20,359.27,2026-05-12 19:01:40
Enron,A_default,0.3333333333333333,0.3333333333333333,0.3333333333333334,0.5,7,0.327728599501612,0.047619047619047616,0.024702955749130857,2.1293159852348094,0.6923076923076922,5.671411420282741,0.44676423760095896,43679,21,366.58,2026-05-12 19:01:47
Enron,A_default,0.3333333333333333,0.3333333333333333,0.3333333333333334,0.5,9,0.3285540164277173,0.044642857142857144,0.024157657661657044,1.9206370232967034,0.5384615384615384,5.781664462652199,0.46703840436474914,61758,23,366.63,2026-05-12 19:01:47
Enron,A_default,0.3333333333333333,0.3333333333333333,0.3333333333333334,1.0,0,0.3266338817033272,0.1636904761904762,0.013759027774635927,1.8825610198383165,0.3846153846153846,5.1469324692253355,0.4959658807525252,117135,18,330.74,2026-05-12 19:07:11
Enron,A_default,0.3333333333333333,0.3333333333333333,0.3333333333333334,1.0,2,0.3211549919889439,0.14285714285714285,0.011096627217978692,1.8226701445990596,0.3846153846153846,5.338038238709181,0.495741551032908,98644,20,374.41,2026-05-12 19:08:02
Enron,A_default,0.3333333333333333,0.3333333333333333,0.3333333333333334,1.0,1,0.32343307824764955,0.09821428571428571,0.018778812998452004,2.788536594187129,0.15384615384615383,5.557840607552211,0.509706144463039,116007,19,381.08,2026-05-12 19:08:08
Enron,A_default,0.3333333333333333,0.3333333333333333,0.3333333333333334,1.0,3,0.3222671543209806,0.11904761904761904,0.017470207439285877,1.926242427289839,0.23076923076923073,5.792905075100039,0.5116949408527837,105090,21,124.48,2026-05-12 19:09:15
Enron,A_default,0.3333333333333333,0.3333333333333333,0.3333333333333334,1.0,4,0.32405423567791963,0.13988095238095238,0.014736367309845014,1.804331463417062,0.30769230769230765,4.990249337580469,0.49390857354974926,116203,18,303.61,2026-05-12 19:13:05
Enron,A_default,0.3333333333333333,0.3333333333333333,0.3333333333333334,1.0,5,0.3251416451465132,0.13690476190476192,0.013447212633170755,1.7931467062091897,0.23076923076923073,5.157495341743445,0.4848929694909636,105276,18,379.82,2026-05-12 19:14:28
Enron,A_default,0.3333333333333333,0.3333333333333333,0.3333333333333334,1.0,6,0.32392570228317696,0.14583333333333334,0.017100757061961607,1.7805370986727032,0.46153846153846145,5.2651158476483,0.49047173026890456,100566,19,353.29,2026-05-12 19:15:08
Enron,A_default,0.3333333333333333,0.3333333333333333,0.3333333333333334,1.0,7,0.32375636841503347,0.11904761904761904,0.008440967875772159,1.9142435074092221,0.23076923076923073,5.5360356775768365,0.5030500570603534,107182,20,217.1,2026-05-12 19:16:42
Enron,A_default,0.3333333333333333,0.3333333333333333,0.3333333333333334,1.0,8,0.3234918987820218,0.11904761904761904,0.010410783771841117,1.8697547717643501,0.46153846153846145,5.485162822256455,0.5031517037328077,108608,20,262.13,2026-05-12 19:18:50
Enron,A_default,0.3333333333333333,0.3333333333333333,0.3333333333333334,1.0,9,0.32312467446064574,0.12202380952380952,0.006909585057707181,1.8986920593481564,0.3846153846153846,5.217063531399501,0.4982776929418098,110564,19,250.7,2026-05-12 19:19:19
Enron,A_default,0.3333333333333333,0.3333333333333333,0.3333333333333334,1.5,0,0.3474930711685497,0.7529761904761905,0.005539250498182133,1.5018168404008587,0.07692307692307691,2.555996098067415,0.2619589059978919,159655,13,217.76,2026-05-12 19:20:20
Enron,A_default,0.3333333333333333,0.3333333333333333,0.3333333333333334,1.5,1,0.33686678767100087,0.46726190476190477,0.0072435856928234,1.4685778363040773,0.0,2.908684843502341,0.3877464974986627,154367,13,270.3,2026-05-12 19:23:20
Enron,A_default,0.3333333333333333,0.3333333333333333,0.3333333333333334,1.5,2,0.34658012041177644,0.6755952380952381,0.006301384322548408,1.5532940904995105,0.0,2.940686759918931,0.3094050630355404,153882,13,261.47,2026-05-12 19:23:40
Enron,A_default,0.3333333333333333,0.3333333333333333,0.3333333333333334,1.5,3,0.33373110207363693,0.4017857142857143,0.006896478393311882,1.4482734770535557,0.0,2.8798506227560545,0.4104114949938861,157881,13,216.75,2026-05-12 19:23:57
Enron,A_default,0.3333333333333333,0.3333333333333333,0.3333333333333334,1.5,4,0.3501539657970779,0.8273809523809523,0.0061086960573760755,1.5565298387728344,0.07692307692307691,2.997295833433856,0.2091408907227004,143402,16,172.33,2026-05-12 19:26:13
Enron,A_default,0.3333333333333333,0.3333333333333333,0.3333333333333334,1.5,5,0.34472682069695676,0.7261904761904762,0.007352824790469753,1.5450452301608888,0.07692307692307691,3.1828983503848867,0.33788440182319845,159832,14,279.21,2026-05-12 19:28:20
Enron,A_default,0.3333333333333333,0.3333333333333333,0.3333333333333334,1.5,6,0.33926019226882836,0.6160714285714286,0.00660810256624556,1.4977124662689945,0.15384615384615383,2.8971722149713184,0.3518045994458835,156146,13,293.12,2026-05-12 19:28:50
Enron,A_default,0.3333333333333333,0.3333333333333333,0.3333333333333334,1.5,7,0.337433423596056,0.5505952380952381,0.006874378354157685,1.516635908671178,0.07692307692307691,2.83221515246804,0.3728218581690482,150552,13,219.14,2026-05-12 19:29:52
Enron,A_default,0.3333333333333333,0.3333333333333333,0.3333333333333334,1.5,8,0.3449669492483341,0.6785714285714286,0.006852901416099212,1.4949246405152576,0.07692307692307691,2.8212445207271477,0.3331597176618809,159434,12,208.35,2026-05-12 19:31:48
Enron,A_default,0.3333333333333333,0.3333333333333333,0.3333333333333334,1.5,9,0.3413620901718667,0.6488095238095238,0.006812574947363484,1.5050505091605875,0.0,2.950671776008909,0.3428907838830369,156479,14,212.54,2026-05-12 19:32:22
Enron,A_default,0.3333333333333333,0.3333333333333333,0.3333333333333334,2.5,0,0.3435978761618159,0.6517857142857143,0.0052408669835491625,1.28384153572255,0.07692307692307691,1.9307965009393993,0.2845944563061203,165102,12,209.04,2026-05-12 19:33:21
Enron,A_default,0.3333333333333333,0.3333333333333333,0.3333333333333334,2.5,1,0.3474883588619119,0.6488095238095238,0.0040562614609643815,1.2886554658106248,0.07692307692307691,1.6942473510575196,0.25031113837326746,166581,12,233.42,2026-05-12 19:35:42
Enron,A_default,0.3333333333333333,0.3333333333333333,0.3333333333333334,2.5,2,0.343924300230895,0.7261904761904762,0.004962449522135015,1.3029403523197498,0.15384615384615383,1.7905727666179332,0.29710621019249306,168984,11,226.55,2026-05-12 19:36:09
Enron,A_default,0.3333333333333333,0.3333333333333333,0.3333333333333334,2.5,3,0.34998250893582655,0.8333333333333334,0.00343498223747109,1.3320299717278112,0.07692307692307691,1.4182852358322617,0.16471537400562977,171273,11,190.81,2026-05-12 19:36:32
Enron,A_default,0.3333333333333333,0.3333333333333333,0.3333333333333334,2.5,4,0.34335631538586214,0.7351190476190477,0.005034976837449182,1.3423403729323051,0.07692307692307691,1.7726910923843124,0.2748593924130482,168902,11,132.22,2026-05-12 19:37:54
Enron,A_default,0.3333333333333333,0.3333333333333333,0.3333333333333334,2.5,5,0.35150531476449814,0.8005952380952381,0.002888598710287803,1.361126454211248,0.07692307692307691,1.399676225219718,0.11222996713929358,172701,13,135.85,2026-05-12 19:38:25
Enron,A_default,0.3333333333333333,0.3333333333333333,0.3333333333333334,2.5,6,0.34912063886010997,0.7708333333333334,0.003861988888415245,1.4064078255724637,0.07692307692307691,1.7471821689770197,0.16540367421361532,160965,13,137.29,2026-05-12 19:38:49
Enron,A_default,0.3333333333333333,0.3333333333333333,0.3333333333333334,2.5,7,0.34690783531230635,0.7291666666666666,0.003930885446953624,1.2846613463797458,0.15384615384615383,1.6055186072049057,0.232203427329836,171001,11,136.31,2026-05-12 19:40:10
Enron,A_default,0.3333333333333333,0.3333333333333333,0.3333333333333334,2.5,8,0.33876566297548466,0.625,0.004782746117905077,1.2696810030376966,0.15384615384615383,1.6139646243664547,0.3066104447581853,171786,11,135.62,2026-05-12 19:40:41
Enron,A_default,0.3333333333333333,0.3333333333333333,0.3333333333333334,2.5,9,0.34725944719237084,0.7440476190476191,0.004054890798895531,1.3343969425882107,0.07692307692307691,1.5832877322190266,0.1837687695078659,168305,12,136.63,2026-05-12 19:41:06
Enron,A_default,0.3333333333333333,0.3333333333333333,0.3333333333333334,3.0,0,0.3423403393227347,0.6101190476190477,0.00393082199673268,1.253983282516381,0.15384615384615383,1.8305804260705243,0.29823457341996223,168630,14,128.57,2026-05-12 19:42:19
Enron,A_default,0.3333333333333333,0.3333333333333333,0.3333333333333334,3.0,1,0.34591970576420933,0.7886904761904762,0.004121047904736017,1.2324491523896453,0.0,1.8520077274037878,0.24540502921643856,166064,14,136.52,2026-05-12 19:42:57
Enron,A_default,0.3333333333333333,0.3333333333333333,0.3333333333333334,3.0,2,0.35552637899702055,0.8035714285714286,0.0020297100102219406,1.305287729675402,0.0,1.1496338825846353,0.012047582945108045,173500,13,137.1,2026-05-12 19:43:23
Enron,A_default,0.3333333333333333,0.3333333333333333,0.3333333333333334,3.0,3,0.3455701679208509,0.7708333333333334,0.0037609959003164608,1.208553878273242,0.0,1.571608330683325,0.2286353124998086,169920,13,133.05,2026-05-12 19:44:32
Enron,A_default,0.3333333333333333,0.3333333333333333,0.3333333333333334,3.0,4,0.3551672793462027,0.8154761904761905,0.0022563969747324713,1.3417694906929452,0.15384615384615383,1.3093804963655362,0.035389830161902475,165314,14,135.81,2026-05-12 19:45:13
Enron,A_default,0.3333333333333333,0.3333333333333333,0.3333333333333334,3.0,5,0.3372369173002392,0.49702380952380953,0.00401825353392619,1.238845465389449,0.07692307692307691,1.9294631179890258,0.33900699079792596,165022,13,139.63,2026-05-12 19:45:42
Enron,A_default,0.3333333333333333,0.3333333333333333,0.3333333333333334,3.0,6,0.34622978920671593,0.7202380952380952,0.0037310161855738707,1.1979558757770277,0.15384615384615383,1.6333727191165632,0.21720898425111304,165478,13,131.52,2026-05-12 19:46:43
Enron,A_default,0.3333333333333333,0.3333333333333333,0.3333333333333334,3.0,7,0.3588832512888648,0.8273809523809523,0.0016914700887673076,1.3592473192863361,0.07692307692307691,1.1100141946805107,0.022892248903620856,166435,14,134.68,2026-05-12 19:47:28
Enron,A_default,0.3333333333333333,0.3333333333333333,0.3333333333333334,3.0,8,0.3492385285384356,0.7797619047619048,0.002809280487545244,1.2929584248227135,0.07692307692307691,1.4352243404548972,0.1300229971602112,169644,13,137.94,2026-05-12 19:48:00
Enron,A_default,0.3333333333333333,0.3333333333333333,0.3333333333333334,3.0,9,0.3504807974699524,0.7767857142857143,0.002660451445222472,1.300265005198438,0.07692307692307691,1.1841338947171351,0.10236795010491169,171555,12,136.02,2026-05-12 19:48:59
Enron,A_default,0.3333333333333333,0.3333333333333333,0.3333333333333334,3.5,0,0.3497309206752063,0.5922619047619048,0.001997268563633907,1.1322257171697643,0.15384615384615383,1.0427177854697047,0.1546110846768638,171006,10,138.72,2026-05-12 19:49:46
Enron,A_default,0.3333333333333333,0.3333333333333333,0.3333333333333334,3.5,1,0.34291117539616445,0.7232142857142857,0.00379565125440822,1.1674446920599908,0.15384615384615383,1.2623872973498969,0.20681207811375052,172120,12,132.67,2026-05-12 19:50:13
Enron,A_default,0.3333333333333333,0.3333333333333333,0.3333333333333334,3.5,2,0.3583615147058223,0.7946428571428571,0.0011002203519520557,1.2410458753949165,0.15384615384615383,0.5412293906513996,0.10965525460226593,173536,11,131.47,2026-05-12 19:51:11
Enron,A_default,0.3333333333333333,0.3333333333333333,0.3333333333333334,3.5,3,0.34549986364264546,0.6517857142857143,0.003902410347770193,1.0674749359523223,0.15384615384615383,0.806239960800768,0.19518830692712189,176823,9,148.76,2026-05-12 19:52:15
Enron,A_default,0.3333333333333333,0.3333333333333333,0.3333333333333334,3.5,4,0.3391822321740504,0.7797619047619048,0.0030653149870067432,1.0835253890260275,0.15384615384615383,0.9179047137687355,0.17325917916311748,174454,10,142.64,2026-05-12 19:52:36
Enron,A_default,0.3333333333333333,0.3333333333333333,0.3333333333333334,3.5,5,0.3433072694118476,0.6577380952380952,0.0015931332635855844,1.0587535271854915,0.15384615384615383,0.7802632598635013,0.19950684632633023,174549,9,136.95,2026-05-12 19:53:28
Enron,A_default,0.3333333333333333,0.3333333333333333,0.3333333333333334,3.5,6,0.35716165935811495,0.8065476190476191,0.0010363262011728318,1.2174576066664184,0.15384615384615383,0.3962321952926274,0.13199074538307976,177758,10,130.72,2026-05-12 19:54:26
Enron,A_default,0.3333333333333333,0.3333333333333333,0.3333333333333334,3.5,7,0.34488061600152753,0.5684523809523809,0.0037329427732227657,1.1752886847608839,0.15384615384615383,1.4237845989450941,0.29840926986300514,171269,12,140.36,2026-05-12 19:54:56
Enron,A_default,0.3333333333333333,0.3333333333333333,0.3333333333333334,3.5,8,0.34767151280906755,0.8035714285714286,0.002213433975454002,1.1827919607119426,0.07692307692307691,0.8466572390322555,0.061932752311377105,175842,12,133.13,2026-05-12 19:55:41
Enron,A_default,0.3333333333333333,0.3333333333333333,0.3333333333333334,3.5,9,0.34475573963905864,0.7172619047619048,0.0030940546967032157,1.081911341435079,0.15384615384615383,0.9213903590898446,0.19329204275465087,176271,10,137.31,2026-05-12 19:56:43
Enron,C_balanced,0.25,0.5,0.25,0.5,0,0.3367843468570471,0.026785714285714284,0.020828660695473112,2.119177526381206,0.15384615384615383,5.62845561071723,0.42255707724920993,62288,21,124.87,2026-05-12 19:57:01
Enron,C_balanced,0.25,0.5,0.25,0.5,1,0.334314599290097,0.017857142857142856,0.01286524555554395,2.0942500545213023,0.46153846153846145,5.60564915012932,0.4411587880179875,55036,21,116.0,2026-05-12 19:57:37
Enron,C_balanced,0.25,0.5,0.25,0.5,2,0.33429804172720584,0.0625,0.028719184032742075,3.1874619713328745,0.23076923076923073,5.500390990135821,0.43567455441558084,42935,22,112.81,2026-05-12 19:58:36
Enron,C_balanced,0.25,0.5,0.25,0.5,3,0.33238417452967467,0.026785714285714284,0.015258283648728745,2.132204332783256,0.3846153846153846,5.714827872467976,0.4435480947890179,50949,23,129.5,2026-05-12 19:59:10
Enron,C_balanced,0.25,0.5,0.25,0.5,4,0.3291010396308283,0.017857142857142856,0.027679053512973232,2.723140473609638,0.5384615384615384,5.544650544375619,0.4414023543721551,43509,25,122.71,2026-05-12 19:59:40
Enron,C_balanced,0.25,0.5,0.25,0.5,5,0.33183145160252814,0.0625,0.023942147424114518,2.113336426927212,0.6153846153846153,5.597567293921303,0.4232811831284082,45970,23,116.32,2026-05-12 20:00:32
Enron,C_balanced,0.25,0.5,0.25,0.5,6,0.3302517344290547,0.026785714285714284,0.015274719627939012,2.2264999491325272,0.3846153846153846,5.525942349725761,0.4462251059037139,42484,22,120.54,2026-05-12 20:01:11
Enron,C_balanced,0.25,0.5,0.25,0.5,7,0.33233729659931016,0.047619047619047616,0.02678301293838315,2.10850827783208,0.5384615384615384,5.651680487763097,0.44488685335896694,46519,23,119.32,2026-05-12 20:01:39
Enron,C_balanced,0.25,0.5,0.25,0.5,8,0.32964402137480325,0.050595238095238096,0.027030448110967078,2.037707593502572,0.5384615384615384,5.53380438706043,0.44237223529689185,40514,23,115.74,2026-05-12 20:02:28
Enron,C_balanced,0.25,0.5,0.25,0.5,9,0.3303135437411416,0.023809523809523808,0.023159458993181097,2.0406918718066858,0.7692307692307692,5.393952921395009,0.4313692961648941,44766,24,118.69,2026-05-12 20:03:10
Enron,C_balanced,0.25,0.5,0.25,1.0,0,0.33776287684459544,0.3392857142857143,0.00815474557067602,1.8487316367152553,0.46153846153846145,4.313214557511163,0.3418009278140994,85635,22,122.36,2026-05-12 20:03:41
Enron,C_balanced,0.25,0.5,0.25,1.0,1,0.33202042923099084,0.24404761904761904,0.010886540005361874,1.7730100773345252,0.23076923076923073,4.937142782221341,0.4485216447775039,94923,21,130.2,2026-05-12 20:04:38
Enron,C_balanced,0.25,0.5,0.25,1.0,2,0.33225918471381316,0.20535714285714285,0.015338007430424053,2.0187486156266736,0.30769230769230765,5.466431112803198,0.4842441441552151,110754,18,131.46,2026-05-12 20:05:21
Enron,C_balanced,0.25,0.5,0.25,1.0,3,0.3372258969406222,0.37202380952380953,0.009130559258667669,1.844495445124359,0.46153846153846145,4.7699506676852,0.4363355214777219,116942,18,126.69,2026-05-12 20:05:48
Enron,C_balanced,0.25,0.5,0.25,1.0,4,0.33327683279487935,0.27380952380952384,0.009041790624386342,1.749810945341367,0.846153846153846,4.497481764725583,0.40223389195169507,89024,19,123.36,2026-05-12 20:06:42
Enron,C_balanced,0.25,0.5,0.25,1.0,5,0.32663689558753073,0.11011904761904762,0.012342605903683242,1.9415909386605705,0.3846153846153846,5.626709708845542,0.47276474517318184,81971,19,127.52,2026-05-12 20:07:29
Enron,C_balanced,0.25,0.5,0.25,1.0,6,0.33091684935279536,0.20833333333333334,0.009896634446150718,1.8920128730672492,0.30769230769230765,5.331344979415866,0.4630470765381799,94832,20,126.36,2026-05-12 20:07:54
Enron,C_balanced,0.25,0.5,0.25,1.0,7,0.3300716441561081,0.17261904761904762,0.011264968677851012,1.9264726139609922,0.3846153846153846,5.23554923575897,0.4592122134132275,91755,20,122.41,2026-05-12 20:08:44
Enron,C_balanced,0.25,0.5,0.25,1.0,8,0.3384210287837282,0.38095238095238093,0.00946707780782411,1.7928810923469207,0.23076923076923073,4.536597835724676,0.37228133929902546,99162,19,123.08,2026-05-12 20:09:32
Enron,C_balanced,0.25,0.5,0.25,1.0,9,0.3344357224750764,0.23809523809523808,0.010278746365959423,1.8371441581263563,0.15384615384615383,4.6842613703030755,0.4375538111136569,107371,19,127.27,2026-05-12 20:10:02
Enron,C_balanced,0.25,0.5,0.25,1.5,0,0.3531424968084062,0.7410714285714286,0.0060819468171882125,1.5988340944127786,0.07692307692307691,2.8801984638678855,0.15470944080753626,125712,17,130.7,2026-05-12 20:10:55
Enron,C_balanced,0.25,0.5,0.25,1.5,1,0.34985451626778147,0.6636904761904762,0.00581348587347254,1.6144285173781925,0.0,3.028684523909921,0.21808211516849604,125655,16,125.51,2026-05-12 20:11:37
Enron,C_balanced,0.25,0.5,0.25,1.5,2,0.34164931950362804,0.4732142857142857,0.006280906879846339,1.6422439539412657,0.07692307692307691,3.4438616409539673,0.3651351782486476,131738,17,133.2,2026-05-12 20:12:15
Enron,C_balanced,0.25,0.5,0.25,1.5,3,0.35850842204661826,0.7857142857142857,0.004931449740646503,1.6349481968598867,0.07692307692307691,2.450791029553245,0.08392569616846585,136891,16,123.14,2026-05-12 20:12:58
Enron,C_balanced,0.25,0.5,0.25,1.5,4,0.3569118471670875,0.7738095238095238,0.004788870081559159,1.629153636955247,0.07692307692307691,2.5143806397662063,0.10221808146333562,133949,17,127.08,2026-05-12 20:13:44
Enron,C_balanced,0.25,0.5,0.25,1.5,5,0.3621437050575414,0.8303571428571429,0.00462634143268466,1.594719408511533,0.07692307692307691,2.027371041163216,0.0876877975395064,124616,16,135.95,2026-05-12 20:14:31
Enron,C_balanced,0.25,0.5,0.25,1.5,6,0.3442337483296102,0.6011904761904762,0.007162193452943529,1.6277378230954078,0.0,3.35298306626569,0.3462251993835564,136611,16,136.4,2026-05-12 20:15:14
Enron,C_balanced,0.25,0.5,0.25,1.5,7,0.36081146934392405,0.7767857142857143,0.004908048853779358,1.5683930584097734,0.07692307692307691,2.2340127807186216,0.029004160741653795,136965,15,134.59,2026-05-12 20:15:59
Enron,C_balanced,0.25,0.5,0.25,1.5,8,0.35799018229985685,0.8095238095238095,0.0049861685886144515,1.6103268035204135,0.07692307692307691,2.499905128515924,0.11191856596719113,138363,15,136.31,2026-05-12 20:16:47
Enron,C_balanced,0.25,0.5,0.25,1.5,9,0.36091946972357747,0.8065476190476191,0.003917481308217177,1.6138318406014303,0.07692307692307691,2.034143342315652,0.01480140349309607,136515,16,131.03,2026-05-12 20:17:25
Enron,C_balanced,0.25,0.5,0.25,2.5,0,0.3614151019594776,0.7678571428571429,0.0029163118840618107,1.3753990092873185,0.15384615384615383,1.5176345841260621,0.0899548719165457,153517,14,133.51,2026-05-12 20:18:12
Enron,C_balanced,0.25,0.5,0.25,2.5,1,0.3666584186972235,0.8035714285714286,0.002168498046553057,1.4909730203687162,0.07692307692307691,1.3170018157673231,0.12915126141565247,147571,16,133.16,2026-05-12 20:19:00
Enron,C_balanced,0.25,0.5,0.25,2.5,2,0.34773613081444354,0.6636904761904762,0.00452119389186596,1.413024697673341,0.15384615384615383,2.0059680134276205,0.28342371369213787,159047,14,148.25,2026-05-12 20:19:54
Enron,C_balanced,0.25,0.5,0.25,2.5,3,0.36188165023478425,0.8095238095238095,0.00277599788589505,1.4413013369148682,0.15384615384615383,1.5005007136780095,0.016507434823569905,151285,14,140.89,2026-05-12 20:20:33
Enron,C_balanced,0.25,0.5,0.25,2.5,4,0.35442487565879655,0.5833333333333334,0.0036926165786080587,1.3301108066813545,0.15384615384615383,1.5889330395699237,0.2298522277340775,166591,12,140.16,2026-05-12 20:21:20
Enron,C_balanced,0.25,0.5,0.25,2.5,5,0.36087015000144984,0.8035714285714286,0.0030730494664428245,1.474284290278981,0.0,1.5270654316437124,0.04948859032775438,157876,14,134.94,2026-05-12 20:22:09
Enron,C_balanced,0.25,0.5,0.25,2.5,6,0.3576526098790283,0.7559523809523809,0.002935639496157435,1.4506888144734678,0.0,1.6136388498632115,0.06919390439719086,153642,15,134.58,2026-05-12 20:22:48
Enron,C_balanced,0.25,0.5,0.25,2.5,7,0.3645488184115977,0.7827380952380952,0.0015527664406455807,1.4218429435501299,0.07692307692307691,1.1823469174400754,0.06403268565494427,165503,13,135.12,2026-05-12 20:23:36
Enron,C_balanced,0.25,0.5,0.25,2.5,8,0.35492360087013064,0.7410714285714286,0.003009359628874656,1.309074260727973,0.15384615384615383,1.1812415931909883,0.12800083464068587,172276,10,135.51,2026-05-12 20:24:24
Enron,C_balanced,0.25,0.5,0.25,2.5,9,0.3589090084919292,0.8035714285714286,0.002316818620829416,1.3888321889974065,0.15384615384615383,1.4137619123781002,0.08993201960346132,164885,13,134.05,2026-05-12 20:25:02
Enron,C_balanced,0.25,0.5,0.25,3.0,0,0.3612417298851466,0.7738095238095238,0.0012305038252266134,1.3068632789257504,0.07692307692307691,0.8423546375086141,0.10328915026148296,170246,12,134.23,2026-05-12 20:25:50
Enron,C_balanced,0.25,0.5,0.25,3.0,1,0.3532899132048497,0.7916666666666666,0.003269383311641379,1.2309992816789974,0.07692307692307691,1.223107511979979,0.16631933565404683,168773,11,133.89,2026-05-12 20:26:38
Enron,C_balanced,0.25,0.5,0.25,3.0,2,0.3508419284837493,0.6696428571428571,0.0029206223517402067,1.2284802432177417,0.07692307692307691,1.1108439354151658,0.19978416520402814,168835,11,135.08,2026-05-12 20:27:17
Enron,C_balanced,0.25,0.5,0.25,3.0,3,0.357352050851698,0.7648809523809523,0.0015158356411324053,1.2534077632725666,0.15384615384615383,0.8572499821487585,0.03910061451426492,170359,11,136.34,2026-05-12 20:28:06
Enron,C_balanced,0.25,0.5,0.25,3.0,4,0.35969234503015646,0.7827380952380952,0.0014792190623593455,1.317697177713501,0.15384615384615383,0.8478705928820554,0.06625206808527857,172496,12,137.4,2026-05-12 20:28:55
Enron,C_balanced,0.25,0.5,0.25,3.0,5,0.3578857293570257,0.7886904761904762,0.0012997368876250853,1.2678523742320988,0.23076923076923073,0.609923359209358,0.05986113271971449,175040,10,138.49,2026-05-12 20:29:36
Enron,C_balanced,0.25,0.5,0.25,3.0,6,0.36076825529211926,0.8184523809523809,0.0012517908795895692,1.2874763840257661,0.15384615384615383,0.8488950176658182,0.09120998815923989,170868,11,136.39,2026-05-12 20:30:22
Enron,C_balanced,0.25,0.5,0.25,3.0,7,0.3609910856141663,0.7678571428571429,0.0012927082486087656,1.3306397881263898,0.15384615384615383,0.7171121790964538,0.0945403606974941,171285,12,135.23,2026-05-12 20:31:11
Enron,C_balanced,0.25,0.5,0.25,3.0,8,0.3521346569706691,0.5982142857142857,0.003615572258016174,1.3005414950767857,0.07692307692307691,1.5425050804192806,0.24788726633526365,160053,13,129.57,2026-05-12 20:31:45
Enron,C_balanced,0.25,0.5,0.25,3.0,9,0.35522121927646777,0.7946428571428571,0.001954552677090117,1.2132839599195862,0.07692307692307691,0.9572520964005139,0.004952971923540808,170744,11,131.97,2026-05-12 20:32:34
Enron,C_balanced,0.25,0.5,0.25,3.5,0,0.36149589102820084,0.7559523809523809,0.001288439537199652,1.278099909065091,0.0,0.8427100402634388,0.12481549516568166,166824,13,140.3,2026-05-12 20:33:31
Enron,C_balanced,0.25,0.5,0.25,3.5,1,0.3616976078064825,0.8005952380952381,0.0012575009231486553,1.3044982183479978,0.23076923076923073,0.6439637815664112,0.12812786107320734,171703,13,133.07,2026-05-12 20:33:58
Enron,C_balanced,0.25,0.5,0.25,3.5,2,0.360002700612291,0.7083333333333334,0.0011737834011004632,1.2338211727504251,0.07692307692307691,0.6131023367627434,0.09298142057417769,173597,11,132.78,2026-05-12 20:34:47
Enron,C_balanced,0.25,0.5,0.25,3.5,3,0.359832851214299,0.8303571428571429,0.0013291143607107516,1.2287826900559167,0.23076923076923073,0.5896854848374026,0.1405528064146827,171406,12,140.83,2026-05-12 20:35:52
Enron,C_balanced,0.25,0.5,0.25,3.5,4,0.35368853005534423,0.5922619047619048,0.0011818090428404534,1.197676016656623,0.15384615384615383,0.9490162396429734,0.14387138946181266,171296,12,141.83,2026-05-12 20:36:20
Enron,C_balanced,0.25,0.5,0.25,3.5,5,0.3615401602116559,0.7886904761904762,0.0010887436635397877,1.292970057750096,0.23076923076923073,0.6282615339127268,0.15275442526192695,172550,13,138.93,2026-05-12 20:37:06
Enron,C_balanced,0.25,0.5,0.25,3.5,6,0.3536307546938658,0.8422619047619048,0.0025783040341269712,1.1738916668471708,0.15384615384615383,0.9231706256059204,0.09403904610764731,168088,12,135.74,2026-05-12 20:38:07
Enron,C_balanced,0.25,0.5,0.25,3.5,7,0.3591002553373714,0.6309523809523809,0.0018835946097483856,1.2307436025161762,0.15384615384615383,1.0267278715911974,0.09575901890498137,169309,13,138.4,2026-05-12 20:38:38
Enron,C_balanced,0.25,0.5,0.25,3.5,8,0.35489868694245524,0.7321428571428571,0.0017337211234895653,1.2898041024522395,0.15384615384615383,0.9002418533824282,0.009455102560262586,165960,14,127.54,2026-05-12 20:39:14
Enron,C_balanced,0.25,0.5,0.25,3.5,9,0.36365103412113237,0.7827380952380952,0.0008080783352309136,1.2730532571866224,0.15384615384615383,0.6186100612353143,0.19315328719295094,171644,13,120.64,2026-05-12 20:40:08
